city,county,y2005,y2006,y2007,y2008,y2009,y2010,y2011,y2012,y2013
1101,110105,,,1,,,,1,1,3
1101,110106,,,,2,1,,1,2,
1101,110107,1,,,,,,,,
1101,110108,,,,,,2,1,,1
1101,110109,,,,,,,,1,
1101,110111,,1,,1,1,2,,,1
1101,110112,,,,1,,1,,5,
1101,110113,,,,,,1,,3,
1101,110114,,,,,1,1,,,
1101,110115,,,2,2,,,1,1,
1101,110117,,,,,,2,,,1
1102,110228,,,,,,,1,,1
1201,120102,,,2,,,,,1,
1201,120103,,,,,,,2,,
1201,120105,,,1,,,1,1,1,
1201,120106,,,1,1,,,2,,
1201,120107,,,1,,1,,,,
1201,120108,,,,,1,,,,
1201,120109,3,,,1,,,,,
1201,120110,,,,,1,,,1,2
1201,120111,,,,,2,,,,
1201,120112,,,3,2,,,,,
1201,120113,,,3,3,2,,,,
1201,120114,,,5,2,1,1,1,2,1
1201,120115,,,1,1,,,,1,1
1201,120116,,,,,,1,,2,
1202,120221,,,,,2,,,,
1202,120223,,4,1,,1,1,2,,
1202,120225,,,,,,,,1,
1301,130102,,,,,,,,1,
1301,130104,,,,,,,1,,
1301,130105,,,,1,1,,,,
1301,130108,,,,1,,,,,
1301,130121,,,,,,4,1,,
1301,130123,,,,,1,1,2,,
1301,130124,,,,,3,,,,
1301,130125,,,3,1,1,,1,,1
1301,130126,,,1,3,1,,,1,1
1301,130128,1,1,2,,2,,,,1
1301,130129,,,,,1,,,,
1301,130130,,,,,1,3,1,,
1301,130131,,,,3,1,1,,1,2
1301,130132,,,,,1,,1,1,1
1301,130133,,,,1,1,1,1,,
1301,130181,,,1,1,1,1,,,1
1301,130182,,,,1,2,1,2,1,2
1301,130183,,,1,,1,2,,,1
1301,130184,,1,1,,2,1,1,1,
1301,130185,,,,,2,,2,,
1302,130203,,,,,,,,,1
1302,130205,,,,,1,4,,,
1302,130207,,,,,2,1,,,
1302,130208,,,,,1,5,,,
1302,130223,,,,,4,1,,,
1302,130224,,,,,3,2,1,,
1302,130225,,,,,1,3,,,
1302,130227,,,,,,2,,1,
1302,130229,,,,,,1,,,
1302,130230,,,,,,,1,,
1302,130281,,,,3,,2,2,1,1
1302,130283,,,,1,1,2,,,
1303,130302,,,,,1,,,,
1303,130321,,,,,1,1,,1,
1303,130322,,,,,2,2,,,
1303,130323,,,,,4,7,1,,
1303,130324,,,,,1,1,,,
1304,130404,,,,1,,,,,
1304,130406,,,,,1,,,,1
1304,130421,,,2,,,,1,,
1304,130423,,,1,1,1,,2,,1
1304,130424,,1,2,,1,,,,
1304,130425,,2,,,1,,,,1
1304,130428,,1,1,,2,,,,
1304,130429,,,3,2,2,,1,1,
1304,130430,,,1,,,,,,
1304,130431,,,,1,,1,,,
1304,130432,,1,,,,,1,,
1304,130433,,4,1,,,1,,,1
1304,130434,,,3,,,,,1,1
1304,130435,,1,2,,,,,1,
1304,130481,,,,1,1,,,,1
1305,130502,,,,,,,,1,
1305,130521,,,,2,2,,,,
1305,130522,,,,1,,1,1,,
1305,130523,,,1,2,1,,,2,
1305,130524,,,1,1,1,,,,
1305,130525,,,2,,,1,,,
1305,130526,,,,2,2,,2,,
1305,130527,,,,,2,1,,2,
1305,130528,,,2,3,1,2,1,,1
1305,130529,,,1,,1,,,,
1305,130530,,,,1,,,1,,
1305,130531,,1,,,,,,,
1305,130532,,,,,,1,,1,
1305,130533,,1,,,2,,2,2,1
1305,130534,,1,2,,,,,1,1
1305,130535,,2,1,1,,1,,,
1305,130581,,1,,,,1,,1,1
1305,130582,,,,,1,1,1,,
1306,130602,,,,,1,1,,,
1306,130603,,,,1,1,,,,
1306,130604,,1,,,2,1,,,1
1306,130621,,,,,2,2,,,1
1306,130622,,2,1,2,4,4,4,1,1
1306,130623,,,,2,,,1,,
1306,130624,,,,1,,,,,
1306,130625,,,2,2,3,1,,4,2
1306,130626,,,,3,,1,1,,1
1306,130627,,,,1,3,1,2,1,
1306,130628,,1,1,2,,,,1,
1306,130629,,,1,1,,,,,1
1306,130630,,,,,,,1,,1
1306,130631,,,1,,,1,1,,1
1306,130632,,,1,3,,2,1,,2
1306,130633,,,,1,2,,,,
1306,130634,1,,7,,1,1,,2,1
1306,130635,,,3,,,,,,2
1306,130636,,,,1,1,1,1,,1
1306,130637,,,,,1,2,2,,1
1306,130638,,3,4,1,2,,1,1,2
1306,130681,,,2,2,,1,,,1
1306,130682,,2,14,4,13,6,2,1,4
1306,130683,,,5,2,1,1,2,2,1
1306,130684,,,3,5,2,,1,,1
1307,130702,,,,,,,,,1
1307,130703,,,,1,,,,1,
1307,130705,,,,,,,2,1,
1307,130706,,,,,,1,,,
1307,130721,,,,1,,1,1,,1
1307,130722,,,,,4,,,,
1307,130723,,,2,,,1,,1,
1307,130724,,1,,,,1,2,,
1307,130725,,,,1,,,,,
1307,130726,,,,,,,4,5,1
1307,130727,,,,,,,1,2,2
1307,130728,,,,,,,3,,
1307,130729,,,,1,2,1,,,
1307,130730,,,,1,1,,2,,
1307,130731,,,,,1,,2,2,
1307,130733,,,,,,1,1,,
1308,130802,,,,,,1,,,
1308,130804,,,,,,1,,,
1308,130821,,,,,,1,1,1,1
1308,130822,,,,,,,,1,
1308,130823,,,,1,,2,,,
1308,130824,,,,,,,1,,1
1308,130825,,,,,,,,1,
1308,130826,,,,,,,,,2
1308,130828,,,2,,,,,,1
1309,130902,,,,,,,,,1
1309,130903,,,1,,,,,,
1309,130921,2,3,4,4,1,3,,,1
1309,130922,2,,1,2,,,1,,1
1309,130923,,2,,3,,1,1,,
1309,130924,,1,,2,,,,,1
1309,130925,,3,3,,1,2,,2,
1309,130926,,,1,,,,1,,
1309,130927,1,1,1,,1,,,,
1309,130928,,,1,,,,1,,
1309,130929,,1,,,1,1,1,,
1309,130930,,2,2,,,,,,
1309,130981,2,4,2,2,,,,,
1309,130982,,8,2,,2,,,,
1309,130983,2,2,2,1,,,1,2,
1309,130984,,3,,1,3,1,,,1
1310,131002,,,1,,,,1,,1
1310,131003,,,,1,,,,,
1310,131022,,,3,1,,1,,,
1310,131023,,2,3,,2,1,1,1,
1310,131024,,,,2,,,,,1
1310,131025,1,5,1,,1,1,,2,
1310,131026,,1,3,2,2,2,2,,1
1310,131081,,6,5,,1,2,1,2,1
1310,131082,,,1,2,,,1,1,
1310,131099,,,3,1,,,,,
1311,131102,,1,3,,,,,1,
1311,131121,,,1,1,3,,,1,
1311,131122,,3,1,,,,2,,1
1311,131123,,1,1,1,,,1,,
1311,131124,,,3,1,,1,,,
1311,131125,,1,,2,,,,1,
1311,131126,1,2,3,1,1,2,1,,
1311,131127,,1,2,2,1,1,1,,
1311,131128,,,3,,,,,,
1311,131181,,,,,1,1,2,2,
1311,131182,,3,3,1,1,3,1,1,1
1401,140106,,,,,,,,1,
1401,140107,,,,,,,,,1
1401,140108,,,,,,,1,1,
1401,140109,,,,,,,1,,
1401,140110,,,,,,1,1,1,
1401,140121,,,,,,,1,,
1401,140123,,,,,,,1,,
1401,140181,,,,,,,2,1,
1402,140202,,,,,,,1,,
1402,140203,,,,,,,1,,
1402,140211,,,,,,,1,2,1
1402,140212,,,,,,,1,1,
1402,140221,,,,,,1,,,2
1402,140222,,,,,,2,,,1
1402,140223,,,,,,,,2,1
1402,140224,,,,,,,,3,
1402,140225,,,,,,,2,,
1403,140302,,,,,1,,1,1,
1403,140303,,,,,1,,,,
1403,140311,,,,,1,1,1,,1
1403,140321,,,,,,,2,,1
1403,140322,,,,,,,,,2
1404,140402,,,,1,,,,,
1404,140421,,,,,2,,,,
1404,140423,,,,,3,1,,,
1404,140424,,,2,,1,1,,,
1404,140427,,,,,1,,,,
1404,140428,,,,1,,,,,
1404,140430,,,,,,,4,1,
1404,140481,,,,,,1,,,
1405,140521,,,,,,,,,1
1405,140522,,,,,,,1,,
1405,140524,,,,,1,,1,,
1405,140525,,,,2,,,,,
1405,140581,,,,1,,2,1,,
1406,140602,,,,,,,,3,3
1406,140603,,,,,,,,2,4
1406,140621,,,,,,,,,2
1406,140622,,,,,,,2,3,1
1406,140624,,,,,,,1,,3
1407,140702,,,,,,,,1,2
1407,140722,,,,,,,1,,
1407,140724,,,,,,1,,,
1407,140725,,,,,1,2,,1,
1407,140728,,,,,,,,1,2
1407,140729,,,,,,,1,1,1
1407,140781,,,,,,,2,1,
1408,140802,,,,,,1,1,2,1
1408,140821,,,,,1,1,1,,1
1408,140822,,,1,2,,2,1,1,1
1408,140823,,,,1,1,1,2,,
1408,140824,,,,,5,2,,2,1
1408,140825,,,,,1,,,,1
1408,140826,,,,,1,,2,,
1408,140827,,,,,,,1,,1
1408,140828,,,,,3,3,1,,
1408,140830,,,,,,,1,,
1408,140881,,,,,,,3,1,
1408,140882,,,,1,2,,1,,
1409,140902,,,,,,,3,2,
1409,140921,,,,,,,,1,
1409,140922,,,,,,,1,,
1409,140923,,,,,,,,1,
1409,140924,,,,,,,1,3,
1409,140925,,,,,,,,1,
1409,140928,1,,,,,,,,1
1409,140981,,,,,,1,2,1,
1410,141002,,,,,,7,9,3,4
1410,141021,,,,,,,2,,
1410,141022,,,,,,,,2,
1410,141023,,,,,,6,3,1,3
1410,141024,,,,,,3,12,8,2
1410,141025,,,,,,,,2,1
1410,141026,,,,,,,,1,
1410,141027,,,,,,,2,,2
1410,141029,,,,,,3,1,2,
1410,141030,,,,,,,1,,
1410,141031,,,,,,,,1,1
1410,141033,,,,,,,2,,
1410,141034,,,,,,,1,1,2
1410,141081,,,,,1,,,,
1410,141082,,,,,,,2,2,
1411,141102,,,,,,,,,4
1411,141121,,,,,,,1,,
1411,141123,,,,,,,,,1
1411,141124,,,,,,,,,1
1411,141125,,,,,,,,,3
1411,141127,,,,,,,,,2
1411,141128,,,,,,,,1,1
1411,141129,,,,,,,,,1
1411,141130,,,,,,,,1,
1411,141181,,,,,,,,,1
1411,141182,,,,,,,,,1
1499,149999,,,,,1,,,1,
1501,150102,,,,,,,1,,
1501,150103,,,,,,,1,,
1501,150105,,,,,,,,1,
1501,150121,,,,,,1,1,,2
1501,150122,,,,,,1,,,
1501,150123,,,,,,,1,,
1501,150124,,,,,,,1,1,
1501,150125,,,,,,,,1,
1502,150202,,,,,,1,1,1,
1502,150203,,,,,1,,,1,
1502,150204,,1,,,,,,2,1
1502,150207,,,,,,1,,,
1502,150221,,,,,,1,,,3
1502,150222,,,,,,,1,,
1504,150426,,,1,,,,,,
1504,150429,,,,,,,,2,1
1504,150430,,,1,,,,,,
1506,150602,,,,,,,,,1
1506,150621,,,,,,,1,,
1506,150622,,,,,,,,,1
1507,150722,,,1,,,,,,
1508,150821,,,,,,,1,,
1508,150823,,,,,,,2,,
1509,150921,,,,,,,,,2
1509,150922,,,,1,1,,,,1
1509,150923,,,,,1,,,,
1509,150924,,,,1,,,,,1
1509,150925,,,,,1,,,1,
1509,150926,,,,,,1,,2,
1509,150927,,,,,,,,1,
1509,150928,,,,,,,1,,
1522,152224,,,1,,,,,,
1525,152527,,,1,,1,,,,
1599,159999,,,1,,,,,,
2101,210181,,,,,,,,,1
2103,210381,,,,,,,,2,
2110,211081,,,,,,,1,,1
2111,211103,,,,,,,,1,
2111,211122,,,,,,,,,1
2113,211324,,,,,,,,3,1
2113,211382,,,,,,,1,,
2205,220582,,,1,,,,,,
2307,230702,,1,,,,,,,
2312,231223,,,,,,,,,1
2312,231225,,,,,,,,1,
2399,239999,,1,,,,,,,
3101,310104,,,,,,,1,,
3101,310106,,,1,,,,,,
3101,310112,,,,,,,,1,
3101,310114,,,,,,,,1,1
3101,310115,,1,,,1,,3,1,
3101,310116,1,4,1,,1,2,,,
3101,310117,,,,,,,1,,
3101,310118,,,1,,,,,,
3101,310119,,1,1,,,,,,
3101,310120,,1,3,1,,,,,
3102,310230,,,,,,1,2,1,
3201,320111,,3,,1,,,,1,
3201,320112,,,1,,,,,,
3201,320113,,,1,,,,,,
3201,320115,1,,2,,,2,,1,
3201,320116,1,,,,1,1,1,1,
3201,320124,1,1,,,,,,,
3201,320125,2,,,,,,,,
3202,320202,,,,,,1,,,
3202,320204,1,,,,,,,,
3202,320205,,,,,,,,,1
3202,320206,1,,,1,,1,2,1,1
3202,320211,1,1,,,,,2,,
3202,320281,2,,4,2,,,,1,1
3202,320282,2,3,,1,1,1,2,,
3202,320299,,,,,1,,,,
3203,320302,1,,,,,,,,1
3203,320303,,,,,1,,,,
3203,320304,1,,,,,,,,
3203,320305,1,,1,1,,,,,
3203,320311,,,,,,,,1,
3203,320312,,,,,,,1,,1
3203,320321,,,4,1,1,1,1,3,
3203,320322,4,1,4,1,,1,,,1
3203,320323,5,2,4,4,1,2,,,
3203,320324,4,3,4,3,2,1,5,1,4
3203,320381,2,3,2,3,4,2,1,2,1
3203,320382,3,4,6,2,4,6,2,,1
3204,320402,1,,1,,,,,,
3204,320404,,,,,1,,,,
3204,320411,,,1,3,1,,2,1,
3204,320412,2,3,1,,1,,2,,1
3204,320481,1,3,1,,1,2,,,
3204,320482,5,1,2,1,,1,,,1
3205,320502,,,1,,,,,,
3205,320505,1,,,,,,,,
3205,320506,,,,1,,,2,,
3205,320507,,,,,1,1,,,
3205,320581,1,,,,,,,1,
3205,320582,1,1,2,,,,2,1,
3205,320584,1,,2,,,1,1,1,
3205,320585,1,,,,,,2,1,
3206,320602,,1,2,,,,,,
3206,320611,,,,,,,1,,
3206,320612,,,,,,1,5,3,
3206,320621,1,1,1,2,1,,1,,
3206,320623,,1,2,1,,1,1,,1
3206,320681,2,,,1,,1,,1,
3206,320682,4,3,5,1,3,,3,2,
3206,320683,4,1,,6,5,,,,
3206,320684,2,,1,4,1,1,1,,
3207,320705,,,,,,2,1,,
3207,320706,,,,1,,,,1,1
3207,320721,1,1,2,1,1,2,4,3,1
3207,320722,3,,4,1,3,1,4,1,1
3207,320723,4,2,1,,2,3,3,1,2
3207,320724,1,1,1,1,3,2,2,1,
3208,320802,,,,1,,,,,
3208,320803,1,1,4,,1,1,3,2,4
3208,320804,4,2,3,1,1,3,1,1,
3208,320811,,,,,1,1,1,,
3208,320826,5,10,4,3,,3,3,3,3
3208,320829,,,2,1,1,,,,
3208,320830,2,1,2,,,,1,,
3208,320831,,,,1,,1,,,
3209,320902,,,,1,,,,,
3209,320903,2,1,,1,,1,,,1
3209,320921,,,4,1,1,,,,
3209,320922,,1,2,1,,,5,2,1
3209,320923,,1,,,1,1,2,1,
3209,320924,3,,1,2,3,2,,,
3209,320925,,,,,,1,,1,
3209,320981,3,2,2,2,1,1,,2,
3209,320982,3,2,,,,1,,2,
3210,321003,,1,,,,,,,
3210,321023,1,1,,,,1,,,
3210,321081,1,,1,,,,,,1
3210,321084,,,,,,,1,,
3210,321088,1,1,,1,1,,1,2,
3211,321102,,,,1,,,,,
3211,321111,,,1,,,,,1,
3211,321112,1,,1,,1,,,,
3211,321113,,1,,,1,,,,
3211,321181,3,3,1,2,1,2,2,,
3211,321182,,2,,,,,,,
3211,321183,1,4,4,2,1,1,,,
3212,321202,1,,,3,,2,,,
3212,321203,1,1,,1,,2,,,
3212,321281,,2,3,2,2,,,,
3212,321282,1,1,1,,1,1,1,2,
3212,321283,3,3,4,3,1,1,1,3,2
3212,321284,1,,2,2,,2,2,,1
3213,321302,3,1,,1,,1,,1,1
3213,321311,1,3,2,2,1,,2,1,
3213,321322,8,11,5,1,1,4,5,7,2
3213,321323,2,5,,3,,3,,1,
3213,321324,6,5,2,1,1,1,2,,1
3301,330106,,,1,,,,,,
3301,330109,1,,1,1,,1,,,1
3301,330110,2,1,,1,1,,,,
3301,330122,2,,,,,,,,
3301,330182,,,1,1,,3,2,,
3301,330183,1,,1,,1,,,,
3301,330185,2,,2,,,,,1,
3302,330203,,1,,,,,,,
3302,330205,,1,1,,,,,,
3302,330206,1,,,,,,,,
3302,330211,,2,,,,,,,
3302,330212,1,,,,,,,,
3302,330226,1,,2,,,,,,
3302,330281,,1,2,3,1,,,1,
3302,330282,5,,,3,1,,,,1
3303,330302,1,1,1,1,,,,,
3303,330303,,,1,,,,,,
3303,330304,,1,1,1,2,,1,1,
3303,330305,,,,,,,,1,
3303,330324,,3,2,,2,,1,,
3303,330326,3,,,1,2,1,,,
3303,330327,2,,,,,,1,,
3303,330328,,,1,,,,,,
3303,330381,2,1,1,2,2,,,,
3303,330382,2,,1,3,1,,2,1,
3304,330402,,,,,,1,,,
3304,330411,,,,,2,1,,,
3304,330421,,1,,,,,,,
3304,330424,,,,,,,,1,
3304,330481,,4,1,1,,,,,
3304,330482,,,3,1,,,1,,
3304,330483,,,,,,2,,,
3305,330502,1,,2,,1,,1,,
3305,330503,,,,3,,,1,,
3305,330521,,1,,,,,,,
3305,330522,2,1,1,5,3,1,1,1,1
3305,330523,2,1,,,,1,,,
3306,330621,,,1,,,,,,
3306,330624,1,1,1,,,,,1,
3306,330681,1,2,3,2,,,,,
3306,330682,,,3,,,1,,,
3306,330683,2,6,1,,1,1,,,
3307,330702,,,1,1,,,2,,
3307,330703,,,1,,1,1,,,
3307,330723,,,2,1,,,,,
3307,330726,1,,1,1,1,,,,
3307,330727,,1,,,,,,,
3307,330781,,2,,,,,2,,1
3307,330782,1,2,,,1,,1,1,3
3307,330783,,3,3,1,,2,,,
3307,330784,1,,,,1,,,2,
3308,330802,,1,,,1,,,,
3308,330803,,2,1,,1,,,,
3308,330822,,,2,,,,,,
3308,330825,,3,,,,1,1,,
3308,330881,,,3,,,,,1,
3310,331002,,1,,,,1,,1,
3310,331003,2,1,2,1,2,2,,,
3310,331004,1,,1,,,,,,
3310,331022,2,1,1,,1,,,,
3310,331023,6,1,,,,,,,
3310,331024,4,3,1,1,,2,,,
3310,331081,1,,,,,,,,
3310,331082,7,6,,,,1,,,
3311,331102,,1,,1,,,,,
3311,331121,,,1,1,1,,,,
3311,331122,,,,,1,,,,1
3311,331123,,,1,,,,,,
3311,331124,,1,1,,,,,,
3311,331127,,,,,,1,,1,
3311,331181,,,,1,,1,,,
3399,339999,,,,,,,1,,
3401,340104,2,,,,,,,,
3401,340121,1,3,,,,1,1,,
3401,340122,2,2,,,,1,1,,
3401,340123,2,1,1,1,,,1,1,
3401,340181,,,,,,,1,,1
3402,340202,1,,,,,1,,,
3402,340207,,1,,,,,,,
3402,340208,,1,,,,,,,
3402,340221,2,1,,,,,,,
3402,340222,,4,,,,,,,
3402,340223,,1,,1,,,1,,
3402,340225,,,,,,,,1,
3402,340299,1,,,,,,,,
3403,340311,,,,,,,1,,
3403,340321,4,,2,2,1,1,3,,
3403,340322,,,2,3,2,,,,
3403,340323,1,,1,,,,,1,1
3404,340402,,,,1,,,,1,
3404,340403,1,1,,,,,,,
3404,340404,,,,,1,,,,
3404,340405,1,1,,,,1,,,1
3404,340406,,,1,2,2,1,1,1,
3404,340421,,,,,,2,1,1,
3405,340502,,,,,1,,,,
3405,340503,1,,,,,,,,
3405,340504,1,,,,,,,,
3405,340521,,1,,,,,,1,
3405,340523,,,,,,,1,2,
3406,340602,,1,2,,,,,,
3406,340603,1,,,,,,,,
3406,340604,,1,,,,,,1,
3406,340621,,2,2,,3,,,,
3407,340702,,,,1,,,,,
3407,340703,1,,,,,,,,
3407,340711,,1,,,,,,,
3407,340721,,1,,,,,,,
3408,340811,,1,,,,1,,,
3408,340822,1,3,2,,,1,,,1
3408,340823,3,1,1,,2,,,1,1
3408,340824,,5,2,,1,,1,2,
3408,340825,1,2,3,1,1,1,4,,
3408,340826,,4,2,1,2,,,,1
3408,340827,,4,,,,,3,,
3408,340881,3,,,,1,,2,,
3410,341002,,,,,,,,1,
3410,341004,1,,,,,,,,
3410,341021,,,1,,,,,,
3410,341024,,1,,,,,,,
3411,341103,,,,,,1,1,1,1
3411,341122,1,,1,1,2,,,1,
3411,341125,3,,2,1,1,2,,,
3411,341126,1,,1,,2,1,,,
3411,341181,2,,2,,,,,1,
3411,341182,,,1,,,1,,,
3412,341202,2,1,1,3,1,,1,,
3412,341203,,2,2,1,1,,,,1
3412,341204,,3,1,,,1,,,
3412,341221,3,11,6,4,6,4,3,1,2
3412,341222,4,2,3,1,2,1,2,2,2
3412,341225,4,5,1,,,,1,,
3412,341226,4,3,4,3,4,2,3,2,1
3412,341282,1,,,1,1,1,,3,2
3413,341302,,3,2,,2,2,1,,
3413,341321,1,1,3,1,,,,1,
3413,341322,3,2,1,,,1,2,,1
3413,341323,,4,,1,2,,,2,3
3413,341324,2,5,4,1,,5,,1,1
3414,341402,1,3,2,,,,,,
3414,341421,2,,1,,3,,,,
3414,341422,5,,1,,,2,,,
3414,341423,1,1,,,1,,,,
3414,341424,1,1,,1,,2,,,
3415,341502,1,2,,,,,,,
3415,341503,,1,,,,,1,,
3415,341521,1,2,1,1,1,,1,,1
3415,341522,2,4,,1,1,1,,1,1
3415,341523,,,,,,,1,,
3415,341524,1,,,,,,,,1
3415,341525,2,,,1,2,,,,
3416,341602,1,3,2,,,2,2,3,
3416,341621,1,,2,1,,,,2,
3416,341622,2,3,5,,4,7,2,,1
3416,341623,2,2,3,,2,1,2,,2
3417,341702,2,,,,,,,,1
3417,341721,2,2,,1,,,,1,1
3417,341723,,1,,,,,,,
3418,341802,1,1,4,,,,1,,
3418,341821,,,,,,,,,2
3418,341822,4,1,1,,,,2,2,1
3418,341823,,1,,1,,,,,
3418,341824,,,,1,,,,,
3418,341881,,3,1,,,,,,
3499,349999,,,1,,,,,1,
3501,350102,,,,,,,,,1
3501,350182,,,,,,1,,,
3504,350403,,,,1,,,,,
3504,350421,,1,,,,,,,
3504,350423,2,,1,1,,,,,
3504,350424,4,3,,1,,1,,,
3504,350425,,,1,,,,,,
3504,350426,,,,,,,,,1
3504,350428,1,2,,,,,,,
3504,350429,,2,,,,,,,
3504,350430,1,2,1,,,,,,
3504,350481,,2,,,,,,,
3505,350502,,,1,,,,,,
3505,350503,,,,1,,,,,
3505,350504,1,1,,2,,,,,
3505,350507,,,,,,3,,,
3505,350521,,,,,,1,1,,
3505,350524,3,5,11,,1,,,,
3505,350525,,,3,1,,,,,
3505,350581,,1,,,,,,,
3505,350582,4,1,1,1,1,2,,,
3505,350583,6,13,3,3,3,,,,
3507,350721,,,,,,,1,,
3507,350723,,,1,2,1,,,,
3507,350781,,,3,,1,,,,
3507,350784,,,,,1,,,,
3508,350802,,,3,,,,,,
3508,350821,3,3,5,,3,,,,
3508,350823,,4,,,,,,,
3508,350824,1,,1,1,,,,,
3508,350825,1,2,2,,,,,2,
3509,350902,,,,1,,,,,
3509,350922,,1,,,,,,,
3509,350924,,,2,,,,,,
3509,350925,,,1,,,,,,
3509,350981,,1,3,,,1,,,
3510,351028,,,,,,,,1,
3601,360102,,,,,1,,,2,
3601,360103,1,,,1,,,,,
3601,360104,,,2,,,1,,,
3601,360111,,,1,1,,,,,
3601,360121,1,2,2,,1,,1,,
3601,360122,,2,1,3,,2,,,
3601,360124,2,,1,2,1,,1,1,
3602,360281,1,,2,,1,,1,,
3603,360302,,,,,,1,1,,1
3603,360313,2,1,1,,3,1,1,,
3603,360321,3,1,2,2,,1,,1,1
3603,360322,2,4,1,2,1,,2,,
3603,360323,1,,,,1,2,,,1
3604,360421,,,,1,,,,,
3604,360423,,,,1,,,,,
3604,360424,2,,2,1,1,1,,,1
3604,360425,2,,,,,,,,
3604,360427,,,,,1,,,,1
3604,360428,7,1,,2,,1,3,,
3604,360429,,,,,,,1,,
3604,360430,,1,,,,,,,
3604,360481,2,2,1,,2,1,,,
3605,360502,1,,,,1,,,,
3605,360521,,1,,1,2,,,,
3606,360602,,,1,,,,,,
3606,360622,1,1,,,,,1,,
3606,360681,1,1,1,1,,1,,,
3607,360702,1,1,,3,1,2,1,1,
3607,360721,1,2,4,2,1,,,,
3607,360722,3,5,3,2,,1,1,,
3607,360723,,,2,1,1,,,,
3607,360724,1,,1,,,,,1,
3607,360726,,,,3,2,,,,
3607,360727,,2,,,1,,2,,
3607,360728,1,,,,,,,,
3607,360730,1,,1,1,1,1,1,1,
3607,360731,2,4,,4,4,3,2,3,
3607,360732,2,2,4,,,2,2,,
3607,360733,,1,,2,1,1,,,1
3607,360734,4,,,,,,,1,
3607,360735,1,1,,,1,,,,
3607,360781,4,3,3,1,2,,1,3,3
3607,360782,5,2,,2,1,1,1,,2
3608,360802,,,1,,,,1,,
3608,360803,1,,,3,,,1,,
3608,360821,,,,,1,1,,,
3608,360822,,2,,,1,,,,1
3608,360823,1,1,1,,,,,,
3608,360824,2,,1,,,,1,,
3608,360825,6,2,3,,,,,,
3608,360826,3,2,3,4,2,2,2,1,
3608,360827,,,1,,,,,,1
3608,360828,3,2,1,2,,,,,
3608,360829,1,4,2,2,2,1,1,1,2
3608,360830,2,1,2,4,1,3,1,1,
3608,360881,,1,,,,,,1,
3609,360902,2,3,3,1,3,,5,2,1
3609,360921,,,,1,,,,,
3609,360922,1,3,2,5,2,7,4,,
3609,360923,2,,,,,,,,
3609,360925,,,,,,1,,,
3609,360981,4,5,3,2,2,,,,1
3609,360982,,1,,,1,2,,,
3609,360983,3,2,1,,1,3,,,
3610,361002,3,,1,,,,1,1,
3610,361021,1,,,,,,,,
3610,361022,2,,,,,,,,
3610,361023,,1,,,1,,,,
3610,361024,,,,,,,1,,
3610,361025,,2,,,1,,,,
3610,361027,,,,,1,,,,
3610,361029,2,1,,,,,,,
3610,361030,,,1,,,,,,
3611,361102,1,,,,,,,,
3611,361121,2,5,6,4,1,,1,,
3611,361122,1,5,2,,1,,,,
3611,361123,2,5,,,2,,1,,
3611,361124,2,1,1,3,,,,,
3611,361125,1,1,,,,,,,
3611,361126,2,,2,1,,,,,
3611,361127,1,,,1,,2,1,1,
3611,361128,1,1,2,,4,3,,1,
3611,361129,,1,,,,,,,
3611,361130,,,3,2,1,,,,
3611,361181,3,,,,,,,,
3701,370102,,,1,,,,,,
3701,370104,,,,,1,,1,,
3701,370105,,1,,1,,,,,1
3701,370112,,,2,,1,,1,,2
3701,370113,,,,,2,,,,
3701,370124,,,,,,,,1,
3701,370125,,4,3,,,3,2,1,
3701,370126,,,3,1,,1,,,1
3701,370181,,,1,,,,1,,
3701,370199,,,1,,,,,,
3702,370212,,,,,,,1,,
3702,370213,,,,,,1,,,
3702,370281,,,,,,,,1,1
3702,370282,,,,,,,2,2,2
3702,370283,,,,,,2,6,4,1
3702,370284,,,,,,1,3,1,
3702,370285,,,,1,2,,1,1,4
3703,370303,,,,,1,,,,
3703,370305,,1,,,,,,,
3703,370321,,,,,,,,1,
3703,370322,,,,,,1,,,
3703,370323,,,1,5,,,,1,
3704,370402,1,1,1,5,1,,1,,1
3704,370403,1,,1,1,,,,,
3704,370404,,1,,,1,,,1,1
3704,370405,,1,,1,,,,,1
3704,370406,3,1,1,1,1,,,,
3704,370481,2,2,6,1,3,6,1,1,
3705,370502,,,,1,,,,,
3705,370521,,,,,,1,,,2
3705,370522,,,,,3,,1,,
3705,370523,,,,1,2,,,,
3706,370602,,,,,2,2,1,1,
3706,370611,,,,1,1,1,,,
3706,370612,,,1,1,2,2,1,,
3706,370613,,,,3,,1,,,
3706,370614,,,,,,1,,,
3706,370682,,,,1,3,,4,3,2
3706,370683,,,,,,,,,1
3706,370684,,,,1,1,,,,
3706,370685,,,,,,,1,1,
3706,370686,,,,2,1,1,2,,
3706,370687,,,1,,3,,3,1,
3707,370703,,,,,1,,,,
3707,370704,,,,,,4,1,,
3707,370724,,,,1,,,,1,
3707,370725,,,,2,1,,,,
3707,370781,1,,,2,1,1,1,1,1
3707,370783,,,1,2,1,1,,1,
3707,370784,,,,,,1,1,1,1
3707,370785,,,,,,,3,1,
3707,370786,,,,,,1,1,,
3708,370802,,,,1,,,,,
3708,370811,,5,2,1,,,,,1
3708,370826,1,2,2,,2,,2,,
3708,370827,,2,1,1,,1,,,
3708,370828,1,,2,2,,,,,1
3708,370829,,1,,1,,,,,
3708,370830,,3,1,1,3,,,,
3708,370831,,3,2,1,1,,,1,
3708,370832,,1,1,,,1,,,1
3708,370881,,5,,3,1,,,,
3708,370882,,4,,1,1,,,,
3708,370883,2,10,3,6,2,1,,,
3709,370911,,,,2,2,1,6,1,
3709,370921,,1,1,,3,,2,1,
3709,370923,,,,,,,3,,
3709,370982,,4,9,1,2,4,2,2,1
3709,370983,,,1,,,,,1,
3710,371002,,,,1,,,1,,
3710,371081,,,,,,,,1,
3710,371082,,,,,,2,,,
3710,371083,,,,1,3,,3,1,1
3711,371102,2,,,1,,,2,1,2
3711,371103,1,1,1,,1,,,,1
3711,371121,1,,2,1,1,2,,,
3711,371122,,6,3,3,6,2,1,1,1
3712,371202,,,1,,3,,,,
3712,371203,,,2,1,,,,,
3713,371302,1,,,,,,1,,
3713,371312,,1,2,1,1,,,,
3713,371321,,1,3,,,,,,
3713,371322,6,6,2,3,1,1,,1,1
3713,371323,,1,3,2,1,1,,,2
3713,371324,9,7,8,7,,,3,3,
3713,371325,5,6,,,1,1,1,1,
3713,371326,3,4,6,3,1,,1,1,1
3713,371327,2,3,2,5,2,1,1,1,3
3713,371328,,,2,2,1,2,1,,1
3713,371329,1,2,3,2,2,1,1,1,
3714,371402,1,1,1,,,,,1,
3714,371421,,2,2,,,,2,,1
3714,371422,,2,,1,1,1,,2,1
3714,371423,,3,1,,1,,,,
3714,371424,,1,4,3,3,2,2,,
3714,371425,,,2,,1,,1,,1
3714,371426,,2,1,1,,1,1,,
3714,371427,1,,,,1,,,1,
3714,371428,,1,1,,,,1,,
3714,371481,,2,4,1,,,1,2,1
3714,371482,,3,2,1,,,1,1,
3715,371502,,3,1,,,,1,1,
3715,371521,1,3,,,1,1,,1,2
3715,371522,,6,1,1,,,1,,
3715,371523,,2,,1,,,,,
3715,371524,,,1,,,,,1,
3715,371525,1,2,1,2,,,,,
3715,371526,,3,1,1,,,,,
3715,371581,,1,1,1,,,,1,
3716,371602,,,,,,1,1,1,
3716,371621,,,5,2,1,5,,,1
3716,371622,,1,3,2,3,,1,,
3716,371623,,,4,1,2,1,1,,
3716,371624,,,4,1,,1,,1,2
3716,371626,,,,,1,,,,
3717,371702,2,,1,1,,,2,4,2
3717,371721,2,1,1,1,,2,1,2,3
3717,371722,4,2,2,1,,,,,
3717,371723,1,,,,,1,,,1
3717,371724,3,1,2,,1,2,,1,
3717,371725,,1,,,,2,1,,
3717,371726,,,1,1,,,,1,
3717,371727,,,,,,,2,,1
3717,371728,3,,,,,1,,2,
3717,371799,,,1,,,,,,
3799,379999,,1,,1,,,,,
4101,410102,,,,,,1,,,
4101,410103,,,,,,,,,1
4101,410104,,,,,,1,,,
4101,410105,,1,,,,,,,
4101,410109,,,,,,,,,1
4101,410122,,1,3,1,4,,2,1,
4101,410181,,,,,,,1,,
4101,410182,,2,4,3,1,,,1,
4101,410183,,1,1,1,1,1,1,,2
4101,410184,,,1,1,3,,,,1
4101,410185,,,,2,3,1,1,,
4101,410186,,1,,,,,,,
4101,410189,,,,,,1,,,
4102,410202,,,,,,,,,1
4102,410203,,,,,1,,,1,
4102,410204,1,,1,,,,,,
4102,410221,2,1,,,,1,,3,
4102,410222,,1,,,1,5,,1,3
4102,410223,,2,2,,1,2,1,1,1
4102,410224,1,,2,2,,1,3,2,1
4102,410225,4,1,2,1,1,,,2,1
4103,410302,,,,,,1,,,
4103,410322,,,1,,,1,,,
4103,410323,,,2,1,,1,,,
4103,410324,,,,,,1,,,
4103,410325,,,,3,2,1,2,2,
4103,410326,,,2,,1,,1,,
4103,410327,,,1,,,,,,
4103,410328,,,,2,,,,1,
4103,410329,,,2,2,1,1,1,,
4103,410381,,,,,,,1,,
4104,410402,,,1,2,1,,,,
4104,410403,,,,,,,1,,
4104,410411,,,1,,,,,,
4104,410421,,,1,1,5,2,2,2,1
4104,410422,1,2,5,2,,1,1,2,2
4104,410423,1,,,3,1,1,,1,
4104,410425,,1,,3,3,3,,,
4104,410481,,,,1,,,,,
4104,410482,,2,2,,,1,2,,
4105,410502,,,1,1,,1,,,
4105,410503,,,1,,,2,,,
4105,410506,,,,1,1,,1,,
4105,410522,,,4,1,,1,2,2,2
4105,410523,,,3,1,,1,1,,1
4105,410526,,1,1,,3,,3,2,1
4105,410527,,2,1,2,1,1,,1,2
4105,410581,,,1,1,,1,2,1,
4106,410602,,,,1,,,,,1
4106,410603,,,1,1,,,,,
4106,410621,,,3,1,3,,,,1
4107,410704,,,,,,,1,,
4107,410711,,1,,,,,,,
4107,410724,,,1,,2,,,,
4107,410725,2,3,1,,1,,2,2,
4107,410726,,,,,,,1,,
4107,410727,,1,5,1,2,,,,
4107,410728,,,,,,,,1,
4107,410781,,,4,,1,,2,,2
4107,410782,,,3,,2,1,1,1,1
4108,410804,,,,1,,,,,
4108,410811,,,,,1,1,,,
4108,410822,,,,1,1,,,,
4108,410823,,,,2,2,2,,1,4
4108,410825,,,,,,1,2,1,1
4108,410882,,,,,1,,,,
4108,410883,,,,,1,,1,,
4109,410902,,,1,1,,,,,
4109,410903,,,,1,,,,2,
4109,410922,,1,2,1,1,,1,2,1
4109,410923,,1,1,,1,,1,,
4109,410926,2,,1,,1,2,1,,1
4109,410927,,,1,1,,2,,,
4109,410928,,1,1,1,2,1,2,2,
4110,411002,,1,1,,,,,,
4110,411023,1,4,5,,,1,2,1,1
4110,411024,1,4,5,2,1,,,,
4110,411025,,2,1,1,3,,1,2,1
4110,411081,,3,3,1,3,,1,3,3
4110,411082,1,,1,1,,1,,1,
4111,411102,,,3,,,,,,
4111,411103,1,3,5,,,1,,,
4111,411104,3,1,,1,,,,,
4111,411121,2,,3,3,,1,,,
4111,411122,,,2,,2,3,1,,
4112,411221,,,,1,,,,2,
4112,411222,,,,,,1,,,
4112,411282,,,,,,,,,1
4113,411302,2,1,1,,1,1,,,1
4113,411303,4,4,,1,,3,1,1,2
4113,411321,2,1,,,,2,,1,
4113,411322,,1,6,4,,2,2,,1
4113,411323,,,,2,,,,1,2
4113,411324,3,4,2,1,,1,2,1,4
4113,411325,2,1,1,1,1,2,,,2
4113,411326,,4,2,3,1,,2,1,3
4113,411327,1,1,2,1,1,1,1,,
4113,411328,9,3,6,2,2,1,,2,1
4113,411329,4,2,1,1,1,,,,2
4113,411330,,3,2,,,1,1,,
4113,411381,8,8,4,1,1,1,3,,3
4113,411399,1,,,,,,,,
4114,411402,1,,1,,1,,,1,
4114,411403,1,4,1,1,1,,1,1,
4114,411421,3,,2,1,1,1,1,1,1
4114,411422,1,3,1,2,1,,1,1,1
4114,411423,1,,,3,,,,,1
4114,411424,2,2,2,,2,1,2,1,
4114,411425,,2,2,,1,,1,,
4114,411426,5,2,6,4,1,3,,2,1
4114,411481,3,2,,1,2,1,2,2,1
4114,411499,,,,1,,,,,
4115,411502,1,,1,1,,,1,,
4115,411503,2,3,1,2,1,,,,
4115,411521,,3,1,1,,2,,1,1
4115,411522,1,5,,1,1,,,1,
4115,411523,,,,,,,1,,
4115,411524,1,4,1,,,,1,1,1
4115,411525,2,3,2,1,3,1,1,2,2
4115,411526,1,1,4,1,1,,2,1,
4115,411527,2,,2,,,1,1,,1
4115,411528,4,4,1,1,,,,1,
4115,411599,,,,,1,,,,
4116,411602,,2,,,,1,1,,
4116,411621,,1,,2,,2,2,,
4116,411622,4,2,5,,,1,3,1,1
4116,411623,8,3,1,,1,2,,,1
4116,411624,2,2,5,1,,,4,2,
4116,411625,4,2,,1,1,,1,2,1
4116,411626,3,1,1,,1,1,1,,2
4116,411627,5,3,2,2,3,,2,7,
4116,411628,1,1,2,,1,1,1,1,1
4116,411681,,2,2,1,3,,2,,2
4117,411702,,2,,,1,,,,
4117,411721,,5,2,2,,,,,
4117,411722,1,1,4,2,,,1,,
4117,411723,2,3,1,,2,2,,,
4117,411724,3,4,4,1,,,1,,
4117,411725,2,1,1,,2,,2,,
4117,411726,8,3,2,2,1,,1,1,
4117,411727,,,2,,,,,,2
4117,411728,3,1,1,2,,,,,1
4117,411729,2,2,5,,,,1,1,
4118,411801,,,,,1,,,,
4190,419001,,,,,,,,1,
4199,419999,1,1,,,,1,,,
4201,420102,1,1,,,,,,1,
4201,420103,,,1,,,,,,
4201,420104,1,2,1,,,,,,
4201,420105,,,1,,1,,,,
4201,420106,1,,,,2,,,,
4201,420107,,2,,,,,2,,
4201,420111,1,1,2,1,1,,,,1
4201,420112,,1,,,,,2,,
4201,420114,2,1,,,2,1,1,1,1
4201,420115,2,2,,1,1,1,2,,
4201,420116,3,1,3,,1,,3,,2
4201,420117,8,2,2,3,,2,1,,
4202,420202,,2,2,,,,,,
4202,420203,,,,,,,,,1
4202,420204,1,2,,,1,,1,,
4202,420222,13,9,3,2,2,,,1,
4202,420281,7,11,4,2,1,3,1,1,1
4203,420302,,,,,,,,1,
4203,420321,,,1,1,5,1,2,,
4203,420322,,,,,,,,,1
4203,420323,,4,4,,4,1,,,
4203,420324,,,1,,1,2,1,1,1
4203,420325,,4,4,,3,,,,
4203,420381,,1,,1,1,1,1,,
4205,420502,,1,,,,,,,
4205,420503,1,2,1,,1,,,,
4205,420504,2,1,1,,,1,,1,
4205,420506,2,2,,,1,,1,,1
4205,420525,,3,,,1,,,,
4205,420526,,,1,,,,,,
4205,420527,,1,,,,1,1,,
4205,420528,,3,2,,,1,1,1,
4205,420529,2,4,,,,,,1,1
4205,420581,1,,4,1,2,,1,1,
4205,420582,10,3,1,,4,,1,2,
4205,420583,2,4,2,1,1,1,1,4,2
4206,420602,1,2,1,,,1,,1,
4206,420606,1,,,,,,3,,1
4206,420607,3,2,3,2,3,6,2,1,1
4206,420624,2,,2,2,3,1,5,4,2
4206,420625,,4,,1,1,3,,,1
4206,420626,2,1,3,1,,,,,
4206,420682,,7,2,1,1,,,,
4206,420683,4,2,,,1,1,3,1,1
4206,420684,3,3,,2,2,1,3,1,
4207,420702,1,1,,,,,1,,
4207,420703,2,1,1,,,,1,,
4207,420704,1,2,2,1,1,,,,
4208,420802,2,1,2,2,,3,,1,
4208,420804,,,,,,,1,,
4208,420821,3,1,1,,1,3,1,,
4208,420822,4,,,3,2,2,2,,2
4208,420881,7,6,3,4,3,2,2,,1
4209,420902,,2,,,,1,1,,
4209,420921,2,,1,,,,,1,
4209,420922,2,,,,,,,1,
4209,420923,,2,,,1,1,1,1,
4209,420981,2,,5,,,1,,2,1
4209,420984,1,1,5,2,1,2,,,3
4210,421002,,2,1,,2,,1,,2
4210,421003,5,,4,2,1,,,,2
4210,421022,4,5,3,3,1,3,1,1,
4210,421023,6,,3,2,2,2,3,,
4210,421024,1,2,1,,1,,,2,
4210,421081,3,1,1,2,,1,1,,
4210,421083,1,2,4,,,1,,1,
4210,421087,4,5,2,1,1,2,1,,1
4211,421102,3,1,,,,,,,
4211,421121,,4,1,,1,,,1,
4211,421122,2,1,1,3,1,,1,,
4211,421123,3,3,,2,1,,1,,
4211,421124,,1,1,,,3,,2,
4211,421125,5,4,3,1,1,1,1,1,
4211,421126,5,9,7,1,,,,1,
4211,421127,,11,7,3,4,,2,,
4211,421181,7,4,2,4,4,1,2,1,1
4211,421182,,11,1,2,,,,,
4212,421202,4,4,1,1,,1,1,1,
4212,421221,3,1,,1,,,,1,
4212,421222,4,3,2,,,1,,1,
4212,421223,3,,1,,,,,,1
4212,421224,1,1,1,1,,,1,,
4212,421281,1,2,2,,,,,,
4213,421302,2,4,6,3,3,,,,
4213,421303,,,,,,,1,1,1
4213,421321,,,,,,,1,2,
4213,421381,,,4,2,3,,,,
4228,422801,,,1,8,5,4,4,1,
4228,422802,,8,3,4,,1,2,,
4228,422822,,,,,10,1,2,2,3
4228,422823,,,,,3,4,,,1
4228,422825,,,,,4,5,2,,
4228,422826,,,,,3,1,,,
4228,422827,,,,1,6,2,,1,
4228,422828,,1,2,,,2,,,
4290,429004,4,8,2,2,4,1,2,1,
4290,429005,6,4,4,1,,1,3,,
4290,429006,4,10,4,6,2,2,4,4,1
4290,429021,,,2,,1,,,,
4299,429999,,,,,,,1,,
4301,430102,,,,,,,1,,
4301,430103,,1,,,,,,,
4301,430104,,,,,,1,1,,
4301,430105,1,,,,1,,1,,
4301,430111,,,,,,,,1,1
4301,430121,,1,2,4,3,3,2,3,2
4301,430122,2,3,1,3,1,1,1,,
4301,430124,4,8,2,6,6,6,5,4,1
4301,430181,2,1,6,3,1,3,3,2,2
4302,430202,1,,,,,,,,
4302,430203,,,,,,,,,1
4302,430204,,,1,,,,,,
4302,430211,,,,1,,,,,
4302,430221,4,2,4,1,1,,1,,1
4302,430223,3,5,3,,,1,3,1,1
4302,430224,9,10,7,11,8,2,5,2,3
4302,430225,,1,2,,,,,,
4302,430281,2,7,1,2,2,,,1,
4303,430302,1,,,,,,1,,
4303,430304,4,,,,,,,,1
4303,430321,5,8,9,1,3,1,,2,
4303,430381,11,4,3,5,3,1,1,3,
4303,430382,,2,,,,,,,
4303,430399,,1,,,,,,,
4304,430405,1,1,,,,,,,
4304,430406,2,,,1,,,,,
4304,430412,,,1,1,1,,,,
4304,430421,3,6,4,2,,1,,,
4304,430422,6,9,3,,,1,1,,
4304,430423,6,6,3,2,2,,,,1
4304,430424,2,4,7,1,1,1,1,,3
4304,430426,4,3,3,,3,1,1,,
4304,430481,4,8,4,1,1,,,1,
4304,430482,3,4,3,1,5,1,2,,
4305,430502,,,1,1,4,,,1,1
4305,430503,,2,2,1,3,1,1,,
4305,430511,1,,,,,,,,
4305,430521,6,7,2,1,3,1,,,1
4305,430522,5,8,2,2,7,5,6,5,2
4305,430523,7,10,13,10,17,7,6,3,4
4305,430524,2,2,7,4,4,4,8,4,3
4305,430525,5,6,5,2,2,3,3,,2
4305,430527,2,1,1,1,,,,,
4305,430528,3,3,3,8,5,2,2,,2
4305,430529,2,1,1,,,1,,,
4305,430581,7,2,4,3,3,1,3,1,
4306,430602,2,2,3,,,,,,
4306,430603,,,1,,,,,,1
4306,430611,3,2,1,2,,,,,
4306,430621,3,6,,,1,,1,1,
4306,430623,7,2,3,1,,2,,1,
4306,430624,3,4,3,2,,1,1,1,
4306,430626,5,3,4,3,3,2,2,1,
4306,430681,4,2,4,1,1,,1,1,
4306,430682,2,,2,2,,,,1,
4306,430684,,,,,,,,1,
4307,430702,,,,1,,,,1,
4307,430703,9,1,4,2,5,1,,2,1
4307,430721,2,5,5,,1,1,,,1
4307,430722,5,3,3,,1,3,3,2,
4307,430723,2,6,3,,1,,6,,1
4307,430724,2,1,1,2,2,,1,,
4307,430725,9,7,2,2,4,2,2,6,2
4307,430726,1,2,3,3,3,,,,1
4307,430781,1,,,,,1,1,,
4307,430782,,1,,,,,,,
4307,430783,,,,2,,,2,,
4307,430784,,,,,1,,,,
4308,430802,20,11,1,4,,,,2,
4308,430811,2,2,,,1,,,,
4308,430821,9,7,1,1,1,,1,2,1
4308,430822,3,24,1,3,3,1,3,,
4309,430902,1,4,1,2,,1,,1,1
4309,430903,3,4,3,1,,1,1,1,
4309,430921,1,3,5,1,2,,,2,6
4309,430922,2,2,3,2,2,1,1,2,3
4309,430923,10,8,4,8,2,4,4,5,1
4309,430981,3,1,2,6,1,4,2,5,
4309,430982,,,3,5,,1,1,,1
4309,430999,,1,,,,,,,
4310,431002,1,,2,1,3,1,1,1,
4310,431003,2,3,1,,,,,,
4310,431021,8,9,5,3,3,2,4,3,2
4310,431022,12,9,11,2,1,,3,,
4310,431023,5,,,1,1,2,2,1,
4310,431024,6,3,6,3,1,5,3,,
4310,431025,4,4,4,,3,2,1,1,1
4310,431026,2,1,2,3,,,,,
4310,431027,2,1,,,,,2,,
4310,431028,3,3,3,,1,2,1,,
4310,431081,3,4,1,,4,,,,
4310,431099,1,1,,,,,,,
4311,431102,4,7,11,6,7,6,2,5,
4311,431103,3,2,1,,1,1,,3,
4311,431121,4,7,2,,1,1,,1,
4311,431122,8,6,9,8,10,3,7,1,1
4311,431123,,3,1,3,,3,,,1
4311,431124,6,8,4,4,4,6,6,6,1
4311,431125,1,4,1,,2,,,,4
4311,431126,3,5,5,1,2,,,3,2
4311,431127,2,2,1,1,2,,1,,
4311,431128,,10,3,2,1,2,,1,
4311,431129,4,9,4,2,5,1,1,1,1
4311,431199,,1,,,,,,,
4312,431202,,2,,1,,2,,,
4312,431221,,3,7,1,1,,1,,
4312,431222,,2,2,3,1,5,,2,
4312,431223,1,5,2,1,,,1,,
4312,431224,7,6,4,10,2,4,4,2,5
4312,431225,3,2,4,3,2,,1,,2
4312,431226,,4,1,,,,,,
4312,431227,4,,,,,2,,1,
4312,431228,3,6,4,,3,1,1,,
4312,431229,2,3,1,1,,,1,,
4312,431230,1,2,,1,,,,,
4312,431231,,,1,,,,,,
4312,431281,2,4,3,,,1,2,,1
4313,431302,3,3,2,1,,1,,,
4313,431321,3,2,2,1,3,,1,1,2
4313,431322,17,15,10,10,5,2,7,5,4
4313,431381,,1,3,1,1,2,1,1,1
4313,431382,7,3,12,7,,3,3,1,3
4331,433101,,1,3,,,1,,,
4331,433122,,1,5,,,2,,,
4331,433123,,7,3,2,,4,5,1,
4331,433124,4,8,2,1,,2,3,1,
4331,433125,3,6,1,2,,4,2,,
4331,433126,,,1,1,,,,,
4331,433127,,2,4,1,3,1,,2,
4331,433130,1,2,7,6,2,3,3,2,
4399,439999,1,,,,,,,,
4401,440103,,,,,,,,,1
4401,440105,,,,,,,,1,
4401,440106,,,,1,,,,,
4401,440111,1,,,,,,,,
4401,440112,,,2,,,,1,,
4401,440113,1,,,,,,,,
4401,440114,,1,,1,,,,,
4401,440116,1,1,3,,,,,,
4401,440183,5,10,9,2,2,,,,1
4401,440184,1,,1,2,,1,,1,2
4402,440203,1,,5,5,1,1,,,2
4402,440204,2,3,3,3,,1,,1,
4402,440205,,1,1,1,,,,,
4402,440222,1,,,1,,,,,
4402,440224,3,,1,2,1,4,,,
4402,440229,7,5,2,5,4,4,1,2,
4402,440232,1,4,2,5,5,2,,1,
4402,440233,1,1,2,,1,2,2,2,2
4402,440281,5,4,4,5,4,1,,,
4402,440282,,1,2,,,,,,
4403,440305,1,1,2,,,,,1,1
4403,440306,1,9,7,5,1,3,1,3,2
4403,440307,4,2,3,,3,1,3,1,
4403,440310,,,,,,,1,1,
4404,440402,,,,,2,1,,,
4404,440403,,,,,1,,,,
4405,440507,,,1,,,,,,
4405,440513,1,,1,1,,,,,
4405,440514,,1,2,2,1,,,,
4406,440604,,,,,,,1,,
4406,440605,2,3,,1,2,2,,1,1
4406,440606,,,,,,1,1,1,
4406,440607,,4,1,,,,,,
4407,440703,,,1,,,,,,
4407,440705,1,,,,,,,1,
4407,440781,,,2,8,7,7,4,4,4
4407,440783,1,,,1,2,3,7,,1
4407,440785,,1,2,5,4,5,9,,
4408,440804,,1,,,,,,,
4408,440823,2,1,3,2,,,,,
4408,440825,2,4,,,2,,,,
4408,440881,17,19,7,7,5,9,3,1,5
4408,440882,1,8,2,2,2,2,2,1,1
4408,440883,4,7,4,1,,2,2,,
4409,440902,4,12,7,4,8,7,3,,1
4409,440903,4,7,7,6,7,7,5,2,1
4409,440923,4,22,12,13,17,16,6,8,6
4409,440981,4,16,12,12,9,9,6,8,
4409,440982,7,16,14,12,10,13,9,9,3
4409,440983,4,5,8,11,5,9,8,5,2
4409,440999,,,,,1,,,,
4412,441203,,,,3,,3,,1,1
4412,441223,,3,5,6,12,6,2,2,1
4412,441224,4,1,3,6,5,2,5,2,8
4412,441225,7,2,8,4,3,5,3,2,2
4412,441226,2,,,2,1,,2,,
4412,441283,3,4,1,1,,5,2,,
4412,441284,,1,12,7,1,2,3,,
4413,441302,6,6,5,2,5,6,2,3,
4413,441303,1,2,3,,2,1,2,,
4413,441322,14,12,5,8,11,5,3,3,4
4413,441323,2,6,2,,3,5,4,1,
4413,441324,3,4,1,3,4,6,2,3,3
4414,441421,4,3,,1,1,,,,
4414,441422,,1,,,1,,,,6
4414,441423,,2,2,1,3,,,1,
4414,441424,15,13,5,11,7,6,6,3,9
4414,441426,3,1,3,,1,1,1,1,
4414,441427,,,,,1,2,,1,1
4414,441481,1,1,3,,3,4,2,1,2
4415,441502,,1,,,,,,,
4415,441521,5,1,,,,,1,,
4415,441523,1,1,,,,,,,1
4415,441581,16,12,9,4,7,1,,,3
4416,441602,2,,4,,4,6,7,7,4
4416,441621,4,6,5,3,2,3,2,6,4
4416,441622,6,1,4,6,1,5,1,2,4
4416,441623,2,1,2,,2,8,2,3,2
4416,441624,5,4,2,2,,,1,1,2
4416,441625,7,5,4,5,4,5,2,6,1
4417,441702,4,,1,,1,3,3,,
4417,441721,4,7,10,1,4,,5,1,3
4417,441723,3,5,4,1,1,7,3,,
4417,441781,21,3,3,11,10,17,3,,
4418,441802,,,10,11,12,8,3,,1
4418,441821,,2,,3,2,,,,
4418,441823,4,13,12,16,20,15,14,10,10
4418,441825,1,,,,1,1,1,2,
4418,441826,6,2,2,1,4,3,1,1,3
4418,441827,,5,8,16,8,3,8,2,
4418,441881,6,13,5,16,23,16,12,15,12
4418,441882,3,8,14,1,4,3,4,5,4
4419,441901,18,31,8,10,6,4,5,6,2
4420,442001,3,,3,,,,1,1,
4451,445121,,,,,1,,,,
4452,445202,,,1,,1,,,,
4452,445222,3,1,2,1,3,,1,,
4452,445224,,1,9,4,,,,,
4452,445281,1,9,3,7,3,1,,,
4453,445302,,1,,,2,2,,1,
4453,445321,1,1,3,2,2,,1,,
4453,445322,2,3,1,7,5,6,5,4,6
4453,445323,7,8,3,3,7,2,1,4,3
4453,445381,10,8,10,8,19,10,2,2,2
4499,449999,,,,1,,,,,
4501,450102,,,,1,,,,,
4501,450103,,2,1,2,,,,,
4501,450105,1,,2,2,5,1,,,
4501,450107,,,1,2,,,,,1
4501,450108,2,2,2,,,1,,,
4501,450109,4,3,2,1,1,1,1,4,1
4501,450122,7,3,5,4,3,2,,1,1
4501,450123,,,6,3,,,,,
4501,450124,9,4,1,2,4,3,2,2,2
4501,450125,16,9,3,7,1,1,6,1,1
4501,450126,16,4,7,6,5,1,2,,1
4501,450127,19,6,3,4,5,,1,2,1
4502,450202,,,,,,,,,1
4502,450203,,1,1,1,,,,,
4502,450204,,4,,,,,,,
4502,450205,2,4,1,1,2,1,,1,
4502,450206,,,,,1,2,1,1,
4502,450221,5,17,7,3,5,3,4,2,3
4502,450222,4,10,5,4,7,5,6,2,
4502,450223,5,9,5,2,,6,1,2,
4502,450224,,8,5,3,2,,5,4,2
4502,450225,14,8,3,3,3,1,5,2,
4502,450226,,6,1,,2,,1,,
4502,450299,,,,,1,,,,
4503,450302,,,,,1,,,,
4503,450303,,,1,,2,,,1,
4503,450305,,,,1,,,,,
4503,450311,5,1,,1,,,,,
4503,450321,3,2,3,2,1,1,,,
4503,450322,7,5,1,6,4,2,1,,1
4503,450323,3,4,6,7,4,4,3,1,1
4503,450324,13,20,20,16,14,14,12,12,9
4503,450325,3,1,4,3,4,2,2,2,
4503,450326,9,2,6,1,1,3,1,1,1
4503,450327,1,1,5,3,3,3,2,2,2
4503,450328,1,,,1,2,,1,,1
4503,450329,,1,2,,3,1,,,
4503,450330,7,3,6,3,4,,3,4,3
4503,450331,1,,,,1,6,3,2,
4503,450332,3,4,1,1,2,4,1,4,1
4504,450403,,,,2,,,1,,
4504,450404,,3,2,,1,1,,,
4504,450405,,,1,,,,,,
4504,450421,6,5,11,6,7,5,2,10,6
4504,450422,6,4,7,9,12,9,6,3,9
4504,450423,1,1,2,2,,2,3,1,
4504,450481,5,1,2,2,5,5,6,6,9
4505,450502,,,,,,,,,1
4505,450503,,,1,,1,,,,
4505,450512,,1,,4,,,,,
4505,450521,10,12,16,5,3,7,2,5,3
4506,450602,1,1,,,,,,,
4506,450603,1,4,3,2,3,,,,1
4506,450621,2,4,6,1,4,2,4,2,1
4506,450681,1,1,,,,,,,
4507,450702,5,15,9,7,8,9,6,5,4
4507,450703,7,7,8,6,3,16,8,8,7
4507,450721,8,12,15,11,3,9,7,6,8
4507,450722,3,13,6,5,5,1,1,1,5
4508,450802,,3,12,7,5,6,6,5,1
4508,450803,7,10,8,10,6,3,3,2,2
4508,450804,13,15,11,8,2,2,1,,
4508,450821,13,11,11,8,13,7,13,10,8
4508,450881,14,30,22,8,17,13,15,16,9
4509,450902,3,2,4,3,1,2,5,1,1
4509,450903,9,5,1,3,3,4,4,1,1
4509,450921,8,15,13,9,3,8,11,3,1
4509,450922,5,6,8,4,7,7,2,6,3
4509,450923,7,18,16,5,5,5,6,4,
4509,450924,5,7,1,4,5,2,5,2,
4509,450981,22,11,11,11,4,8,3,5,3
4510,451002,,4,7,2,2,2,,,
4510,451021,1,3,2,2,3,,1,1,
4510,451022,6,4,7,2,2,1,,,
4510,451023,7,12,5,5,3,7,3,2,
4510,451024,1,4,7,3,1,2,1,1,1
4510,451025,5,4,5,2,3,3,4,3,1
4510,451026,2,,2,,,3,1,,1
4510,451027,,,,1,,,,,
4510,451028,1,,1,,1,2,,,2
4510,451029,,,4,6,3,4,1,2,
4510,451030,,,3,9,1,1,,1,
4510,451031,2,9,18,11,6,3,3,6,2
4511,451102,8,13,4,5,6,9,12,5,2
4511,451103,,,11,2,2,,8,,2
4511,451121,,3,3,2,1,3,1,1,1
4511,451122,10,6,4,2,3,2,5,3,2
4511,451123,2,2,4,3,1,1,5,1,
4512,451202,2,4,2,,,2,,1,
4512,451221,2,3,3,1,2,3,2,1,
4512,451222,,1,1,,2,1,2,2,
4512,451223,,1,1,3,1,1,1,2,2
4512,451224,3,2,3,4,3,4,2,1,3
4512,451225,4,7,6,3,2,1,6,2,5
4512,451226,6,3,3,1,1,5,1,4,1
4512,451227,,1,1,,1,,,1,
4512,451228,4,4,4,2,1,2,3,3,2
4512,451229,3,6,3,4,3,8,3,1,3
4512,451281,6,8,7,5,2,2,6,4,3
4513,451302,32,15,12,17,15,10,8,8,8
4513,451321,6,7,7,1,3,1,,,
4513,451322,6,3,1,2,5,,2,2,
4513,451323,19,10,9,15,8,4,5,10,3
4513,451324,,,,1,,1,,1,
4513,451381,3,4,3,,5,3,1,,
4514,451402,3,2,5,2,3,,1,,
4514,451421,2,,3,6,3,1,1,,
4514,451422,3,4,3,7,6,7,9,4,1
4514,451423,3,1,1,2,1,3,4,3,
4514,451424,4,5,1,,,,,,
4514,451425,2,2,2,1,,,1,,
4514,451481,,1,1,,,1,1,1,
4599,459999,1,,,,,,,,
4601,460105,,,4,,,,,,
4601,460106,1,,2,4,2,,,,
4601,460107,,,4,3,1,2,,,
4601,460108,,,1,7,1,,1,,
4602,460202,,,,,1,16,4,10,5
4690,469001,,,,,,,,,1
4690,469002,,,3,10,3,4,5,,1
4690,469003,1,1,11,8,2,3,2,,3
4690,469005,,,,11,2,1,,2,4
4690,469006,1,1,15,18,6,5,4,1,
4690,469021,,,,7,1,,1,,1
4690,469022,,,,8,1,2,3,2,
4690,469023,,,,12,3,6,2,,
4690,469024,,,,2,2,,,,
4690,469025,,,5,,,2,2,2,2
4690,469026,,3,2,,1,,,,
4690,469027,,1,12,1,,,,,
4690,469028,1,,2,14,14,14,7,6,4
4690,469029,,,,,5,16,11,4,8
4690,469030,,,1,1,1,,2,,
4690,469031,,,3,,,,,,
4690,469036,,1,,,,,,,
5001,500101,,4,17,5,4,4,9,7,5
5001,500102,,,14,7,6,6,5,4,1
5001,500103,,1,,1,1,,,,
5001,500105,,,,,,,,,1
5001,500106,,,1,2,4,1,,,
5001,500107,,,,,2,,2,,
5001,500108,,,1,,1,,,,
5001,500109,,,,4,,,,,
5001,500110,,,,3,,1,1,1,
5001,500111,,,,,,,,1,1
5001,500112,,,1,3,2,3,1,,
5001,500113,,,1,1,,,2,,1
5001,500114,,1,3,2,8,2,4,,1
5001,500115,,,5,2,3,1,1,1,1
5001,500116,,,,6,6,2,6,1,1
5001,500117,,,17,9,5,5,6,2,2
5001,500118,,,3,5,9,4,1,1,1
5001,500119,,,,6,3,1,3,1,
5001,500199,1,,2,,,,2,,
5002,500222,,,,2,,2,,,
5002,500223,,,4,12,7,11,8,3,1
5002,500224,,,,11,5,5,3,2,2
5002,500225,,1,8,12,4,6,1,,
5002,500226,,,6,5,1,,,4,
5002,500227,,,,4,4,3,1,2,1
5002,500228,,3,3,1,5,3,6,4,2
5002,500229,,,1,,2,1,,1,
5002,500230,,,9,16,10,3,1,1,1
5002,500231,,,1,1,3,2,3,3,
5002,500232,,,,,,,5,,
5002,500233,,,4,15,1,1,1,2,
5002,500234,1,,14,8,3,,2,1,1
5002,500235,,2,16,5,2,3,1,,1
5002,500236,,6,6,1,2,5,1,2,1
5002,500237,,,5,6,5,3,,1,1
5002,500238,,,7,3,3,2,,,
5002,500240,1,,12,7,4,,5,,1
5002,500241,,9,8,3,2,2,,,
5002,500242,2,,6,3,2,,,,2
5002,500243,,1,1,1,6,11,5,2,
5003,500381,1,,,,,,,,
5101,510104,,,1,,,,,,
5101,510106,,,1,,,,,,
5101,510108,,,1,,,,,,
5101,510112,,3,4,,,,,,
5101,510113,,4,1,,,,,,1
5101,510114,,3,3,,1,,,,
5101,510115,1,,2,,1,1,,,
5101,510121,,4,2,,2,,,,
5101,510122,,10,8,,1,,,,
5101,510124,,,2,,,,,,
5101,510129,1,1,1,,,,1,,
5101,510131,,,7,,,,,1,
5101,510132,,,5,,1,,,,
5101,510181,,,6,,1,,,,
5101,510182,,,4,,,,,,
5101,510183,,,,,2,2,,,
5101,510184,,,4,,2,,,,
5103,510302,,,,,,,,,2
5103,510303,,,1,,,1,,1,
5103,510304,,2,2,2,1,1,1,,2
5103,510311,,5,4,,1,1,,,
5103,510321,12,4,2,,,1,1,4,2
5103,510322,,2,4,2,1,2,1,2,2
5104,510411,,,,,,1,,,
5105,510502,,,1,1,1,,1,1,
5105,510503,,1,2,,,1,,,
5105,510521,,,4,1,3,,1,1,1
5105,510522,,,1,1,,1,,,1
5105,510524,,,,2,3,4,,,
5105,510525,,,1,1,1,1,8,,1
5106,510603,,,,3,2,2,,,
5106,510623,,,3,5,,3,2,,
5106,510626,,,,1,,4,,,
5106,510681,,,1,,,,1,,
5106,510682,,,1,,1,,,,
5106,510683,,,,,,3,2,,
5106,510699,,,1,,,,,,
5107,510703,,,1,3,1,,,,
5107,510704,,,,2,3,2,,,1
5107,510707,,,,,,,,,1
5107,510722,,,7,1,,,1,,1
5107,510723,,,,,2,,,,
5107,510724,,,,1,3,3,1,,
5107,510725,,,,,1,1,1,4,1
5107,510727,,,,,,,,1,
5107,510781,,,,,2,,,,
5108,510802,,,,,1,,,1,
5108,510811,,,,,,,1,,
5108,510821,,1,,,,,1,1,
5108,510822,,,,1,,,,,
5108,510823,,,,,,,,1,1
5108,510824,,,,,1,,,,
5109,510903,,,5,10,3,,1,1,
5109,510904,,,11,7,4,5,1,2,1
5109,510921,,,1,9,1,,4,1,
5109,510922,,,,,1,2,2,,1
5109,510923,,,12,3,,,,,
5109,510999,,,,1,1,,,,
5110,511002,,3,1,,2,,,,
5110,511011,,1,6,4,,1,1,3,2
5110,511024,1,3,3,1,1,,,,1
5110,511025,2,11,8,3,1,1,1,2,3
5110,511028,,,4,,1,1,3,1,3
5111,511102,,1,1,1,1,,,2,
5111,511111,,,1,,1,1,,,
5111,511112,,,1,1,,,,1,
5111,511113,,,,,,1,,,
5111,511123,1,1,1,,1,,4,1,2
5111,511124,3,1,1,,,,2,,2
5111,511126,,1,3,2,1,,1,2,1
5111,511133,,,,,,,,1,
5111,511181,,1,2,,2,,1,,
5113,511302,,,6,3,1,,2,2,1
5113,511303,,1,4,5,1,,1,1,
5113,511304,,,9,1,,,,,2
5113,511321,,,8,6,1,1,2,1,
5113,511322,1,4,5,,1,2,,1,4
5113,511323,,7,6,2,,1,2,2,2
5113,511324,,8,21,1,1,,,1,1
5113,511325,,,5,4,1,1,2,3,
5113,511381,,,1,4,2,3,4,2,
5114,511402,,1,3,11,2,2,,,
5114,511421,11,18,11,1,2,2,2,3,
5114,511422,,,5,2,,1,,,
5114,511423,,,3,3,1,,1,,
5114,511424,,,1,4,1,,,,
5114,511425,,,,,2,,,,
5115,511502,,,1,,,,,,
5115,511521,1,5,2,,,,,,
5115,511522,,,,1,,1,,,
5115,511523,,,2,1,1,1,,,
5115,511524,,2,1,,,,,1,
5115,511525,,1,,,,,,1,1
5115,511526,,,1,,,,,,
5115,511527,,,1,1,2,,1,,
5115,511528,,,1,,,,,,1
5115,511529,,2,,,,,,,
5116,511602,,2,8,1,1,2,1,1,1
5116,511621,,2,18,3,3,,,,
5116,511622,,,16,6,1,,1,,1
5116,511623,,5,6,2,1,,2,,
5116,511681,,1,5,,1,1,,,
5117,511702,,1,1,,1,,,,
5117,511721,5,5,5,3,4,,,,1
5117,511722,,12,4,,,,,,
5117,511723,,5,5,2,1,,,,
5117,511724,,,2,,,2,,,2
5117,511725,6,6,3,2,,,1,,
5117,511781,,,1,,,,,,1
5118,511802,,,,,,1,,,
5118,511821,,,1,3,1,3,,,
5118,511822,1,,,,,,,,1
5118,511823,,,,,1,4,1,,
5118,511824,,,,,,1,,,
5119,511902,,4,3,2,3,,,2,2
5119,511921,,1,5,7,1,1,1,1,1
5119,511922,,,,1,,,,1,
5119,511923,1,9,13,2,1,,,3,1
5120,512002,1,12,10,2,,,1,,1
5120,512021,,3,11,5,2,4,,,3
5120,512022,,2,4,4,,1,,1,2
5120,512081,,7,4,,,,1,1,2
5134,513401,,,,,,,,1,
5134,513423,,,,,,,,,1
5134,513425,,,,,,,,1,1
5134,513427,1,,,,,,,1,
5134,513428,,,,1,,,,,
5134,513429,,,,,,,,,1
5134,513433,,,,,,,1,,
5134,513434,,,,3,,,1,,
5134,513435,,,,,,,,1,
5134,513437,,,,4,,,,1,
5199,519999,,2,,,1,,,,
5201,520102,,1,,1,,,,,
5201,520103,1,,2,,1,1,,,
5201,520111,3,8,3,3,3,2,3,,
5201,520112,6,1,2,,2,,2,1,
5201,520113,1,1,2,1,4,1,1,,
5201,520114,,,,,,2,,,
5201,520121,6,17,3,4,7,1,1,2,
5201,520122,2,8,2,,,,,,
5201,520123,3,3,6,2,1,2,1,,
5201,520124,3,,,,1,,2,,
5201,520181,2,4,4,1,6,3,,2,1
5201,520199,1,,,,,,,,
5202,520201,,1,2,3,1,2,1,1,
5202,520203,4,14,11,11,5,5,7,5,2
5202,520221,,2,9,3,4,4,5,2,1
5202,520222,12,42,1,1,1,14,3,4,
5203,520302,4,5,,,1,,,,
5203,520303,6,9,,,1,,,,
5203,520321,20,17,6,5,3,1,2,1,2
5203,520322,,1,12,,1,1,,,
5203,520323,2,14,3,2,1,3,,,
5203,520324,,5,2,5,5,2,2,1,
5203,520325,,,1,,,,,,
5203,520326,,1,4,3,2,3,3,,1
5203,520327,1,13,1,,2,2,3,,
5203,520328,4,9,3,,,,1,1,
5203,520329,,3,2,2,1,1,2,,1
5203,520330,,,,3,2,1,,1,
5203,520381,,,,1,,1,,,
5203,520382,,6,,1,1,,,,
5204,520402,16,16,16,6,10,9,10,2,2
5204,520403,6,2,2,1,1,,,,
5204,520421,4,3,3,2,2,3,,,
5204,520422,21,17,7,6,6,6,5,,2
5204,520423,20,17,7,10,8,4,3,5,3
5204,520424,3,4,5,5,4,6,1,2,1
5204,520425,4,5,6,5,6,4,11,4,1
5204,520426,1,,2,,,,,1,
5222,522201,,11,3,3,1,5,2,,
5222,522222,1,1,3,1,,2,,,1
5222,522223,6,2,1,2,,,2,3,2
5222,522224,2,3,4,2,6,5,2,,
5222,522225,2,8,15,10,8,9,4,,3
5222,522226,2,1,5,1,3,2,,1,1
5222,522227,,10,3,3,5,,2,1,
5222,522228,,1,4,4,1,2,1,1,2
5222,522229,2,15,23,8,4,5,4,1,1
5222,522230,,1,,1,,,,,
5223,522301,9,7,11,9,7,6,5,3,4
5223,522322,57,32,7,3,7,5,14,7,6
5223,522323,5,28,10,2,5,7,1,3,1
5223,522324,6,4,8,4,3,6,2,1,
5223,522325,21,8,2,2,10,5,2,3,3
5223,522326,4,13,2,1,,,1,2,
5223,522327,8,13,2,3,3,1,2,1,
5223,522328,28,12,6,4,3,12,13,5,1
5224,522401,,3,27,6,3,8,9,,1
5224,522422,3,24,10,8,1,3,7,1,1
5224,522423,19,12,9,8,7,5,,1,
5224,522424,4,23,7,3,1,3,2,1,
5224,522425,8,11,11,2,6,3,8,2,
5224,522426,,9,9,,1,1,2,,
5224,522427,,1,5,23,5,4,3,3,3
5224,522428,,,5,13,3,3,1,1,
5224,522499,,,1,,,,,,
5226,522601,10,6,4,7,2,6,6,1,4
5226,522602,,,,,,1,,,
5226,522622,5,8,3,1,1,,3,1,3
5226,522623,4,1,3,,,2,,,
5226,522624,2,4,3,3,2,1,1,,2
5226,522625,7,11,,,,1,,,
5226,522626,7,8,,,,3,3,1,1
5226,522627,6,7,7,4,4,,2,4,3
5226,522628,,,4,2,1,,,5,1
5226,522629,2,1,4,,1,1,2,1,
5226,522630,2,1,,1,,,,,
5226,522631,6,3,1,3,1,2,1,2,1
5226,522632,3,3,7,4,,2,,,
5226,522633,13,9,4,4,3,1,6,3,1
5226,522634,3,3,3,1,3,3,1,1,1
5226,522635,4,3,2,4,3,4,2,,
5226,522636,4,1,1,1,4,,,,
5227,522701,11,6,4,6,6,6,2,1,
5227,522702,1,1,,1,1,2,,,1
5227,522722,1,8,5,3,2,2,1,,
5227,522723,3,6,6,1,,5,2,1,3
5227,522725,5,8,2,1,5,1,2,3,2
5227,522726,9,4,3,6,15,9,1,4,3
5227,522727,3,1,4,1,2,3,1,1,3
5227,522728,2,2,3,,1,3,1,3,1
5227,522729,5,5,4,3,2,1,1,1,
5227,522730,3,2,2,4,2,3,,,2
5227,522731,14,11,10,3,9,3,10,3,2
5227,522732,5,11,10,6,5,3,1,1,3
5227,522799,1,1,,,,,,,
5299,529999,,1,1,,2,,,,
5301,530111,,,,,,,1,2,
5301,530112,,,,,,,,1,
5301,530113,,,,,,,1,,
5301,530121,,,,,,1,1,,
5301,530122,2,,,,,1,,1,
5301,530125,,,,,,1,,2,1
5301,530126,,,,2,2,4,2,,1
5301,530127,,,,1,1,1,3,,
5301,530128,,,,,,,,2,1
5301,530129,,,,2,2,2,2,,
5303,530302,,,1,3,,,4,,4
5303,530321,,,,,,,1,1,1
5303,530322,1,,,4,1,2,2,2,3
5303,530323,,,,8,,5,,,
5303,530324,,,10,16,,,6,2,1
5303,530325,,20,1,,1,,,2,1
5303,530326,,,1,1,,2,1,,
5303,530328,,,,,,,,1,
5303,530381,,,1,2,2,3,3,1,
5304,530421,,,,,,1,,,1
5304,530422,,,,,,2,1,,
5304,530424,,,,,1,4,1,4,
5304,530425,,,,,,,1,,
5304,530427,,,,,,,,1,
5304,530428,,,,,,4,,2,1
5305,530502,,1,,,,,,,
5305,530521,,,,,,,,,1
5305,530522,,,2,,,1,,,
5305,530524,,,,,,,,,3
5306,530602,,,13,6,1,1,1,,1
5306,530621,,,7,8,1,1,,,1
5306,530622,,,,,3,2,,,
5306,530623,,1,2,2,1,1,1,1,
5306,530624,,,,3,1,1,,,
5306,530625,,,2,,1,,,,
5306,530626,,,1,,,,,,
5306,530627,,,7,8,9,2,2,2,5
5306,530628,,,1,8,1,2,1,,
5306,530629,,,4,4,1,,,,
5306,530630,,,1,,,1,,,
5307,530724,1,,,,,,,,
5308,530802,,,,,,2,,,
5308,530821,,,,,,,1,,
5308,530822,,,,,,3,3,6,2
5308,530825,,,,,,,1,,1
5308,530826,,,,,,1,1,,
5308,530827,,,,,,,,1,2
5308,530828,,,,,,1,3,6,4
5309,530921,,,,,,,,2,2
5309,530923,,,,,,,,,1
5309,530924,,,,,,,,,1
5309,530925,,,,,1,,,1,2
5309,530926,,,,,,,,,1
5309,530927,,1,,,,,,1,
5323,532323,,5,,,,,,,
5323,532326,,,,,,,1,,
5323,532327,,,,,,,1,2,
5325,532501,,,,,1,1,2,2,
5325,532502,,,,,,3,4,,
5325,532503,,,,,,,,4,2
5325,532522,,,,,,3,3,,
5325,532523,,,,,,4,1,2,1
5325,532524,,,,,,2,2,2,1
5325,532525,,,,,,,3,,1
5325,532526,,,,7,11,6,4,1,3
5325,532527,,,,12,2,4,3,2,1
5325,532528,,,,,6,,1,,2
5325,532529,,,,,3,9,3,4,
5325,532530,,,,,1,8,1,,
5325,532531,,,,,1,,1,,
5325,532532,,,,,1,,,,
5326,532601,,,,,,,,,3
5326,532621,,,,,1,8,6,,
5326,532622,,,1,,,15,7,1,4
5326,532623,,,,,,1,,,1
5326,532624,,,,,,1,4,,3
5326,532625,,,,,,2,2,2,2
5326,532626,,,1,,1,1,3,,1
5326,532627,,,1,10,11,7,12,3,2
5326,532628,2,3,6,,2,1,1,,1
5328,532801,,,,1,2,5,4,8,1
5328,532822,,,,,,,1,5,4
5328,532823,,,,,,,3,1,
5329,532923,,,,,,,,,1
5331,533102,,,,,,,,1,
5331,533103,1,,,,,,,,2
5331,533122,,1,1,,,,,,
5331,533123,3,5,2,,,,,,1
5331,533124,1,,,,,,1,,
6101,610111,,,,,,,,1,
6101,610116,,,,,,,,3,4
6101,610124,,,,,,,,3,2
6101,610126,,,,,,,1,,
6103,610303,,,,,,,,1,
6103,610322,,,,,,,,,1
6103,610323,,,,,,,,,2
6103,610324,,,,,,,,1,1
6103,610326,,,,,,,,,2
6104,610402,,,,,,,,1,1
6104,610422,,,,,,,3,2,
6104,610423,,,,,,,1,2,2
6104,610424,,,,,,,,1,2
6104,610425,,,,,,,,1,1
6104,610426,,,,,,,,,2
6104,610430,,,,,,,,,2
6104,610431,,,,,,,,1,1
6104,610481,,,,,,,,,1
6105,610502,,,,,,2,5,3,3
6105,610521,,,,,,,2,1,1
6105,610522,,,,,,,1,1,
6105,610523,,,,,,,2,2,1
6105,610524,,,,,,,5,1,
6105,610525,,,,,,,2,1,
6105,610526,,,,,,1,8,2,2
6105,610527,,,,,,,1,,
6105,610528,,,,,,,3,1,1
6105,610581,,,,,,2,,1,
6105,610582,,,,,,,1,,1
6106,610602,,,,,,,1,,
6106,610621,1,,,,,,,,
6106,610623,,,,,,,,,1
6106,610629,,,,,,,,1,
6107,610702,,,,,2,2,1,5,2
6107,610721,,,,,2,3,2,4,4
6107,610722,,,,,7,4,2,1,1
6107,610723,,,,,6,2,,,1
6107,610724,,,,,7,2,1,,
6107,610725,,,,,1,1,,1,3
6108,610821,,1,,,,,,,
6109,610902,1,,,,,1,,,
6109,610927,,,,,,,,1,
6109,610928,,,,,,1,,,
6110,611002,,,,,1,,,1,2
6110,611021,,,,,,,,1,
6110,611022,,,,,,,,,1
6110,611026,,1,,,,,,,
6111,611101,,,,,,,,1,
6190,619081,,,,,,,,,1
6199,619999,1,,,,,,,,
6205,620523,,,,,,,,,1
6205,620525,,,,,,,,,1
6208,620821,,,,,,,,,2
6208,620825,,,,,1,,,,
6210,621025,,,,,,,,,2
6210,621026,,,,,,,,,3
6323,632323,,,,,,,,,1
6326,632626,,,,,,,,1,
6401,640104,,,,,,,,,2
6401,640105,,,,,,,1,,2
6401,640121,,,,,,,1,,
6402,640205,,,,,,,,1,
6402,640221,,,,,,,,1,1
6403,640302,,,,,,,,,1
6403,640303,,,,,,,,,1
6404,640402,,,,,,,,1,1
6502,650203,,,,,,,1,,
6540,654002,,,,1,,,,,
6542,654201,1,,,,,,,,
6542,654202,,,,,,,1,,
