county,2005,2006,2007,2008,2009,2010,2011,2012,2013
110105,,,1,,,,1,1,3
110106,,,,2,1,,1,2,
110107,1,,,,,,,,
110108,,,,,,2,1,,1
110109,,,,,,,,1,
110111,,1,,1,1,2,,,1
110112,,,,1,,1,,5,
110113,,,,,,1,,3,
110114,,,,,1,1,,,
110115,,,2,2,,,1,1,
110117,,,,,,2,,,1
110228,,,,,,,1,,1
120102,,,2,,,,,1,
120103,,,,,,,2,,
120105,,,1,,,1,1,1,
120106,,,1,1,,,2,,
120107,,,1,,1,,,,
120108,,,,,1,,,,
120109,3,,,1,,,,,
120110,,,,,1,,,1,2
120111,,,,,2,,,,
120112,,,3,2,,,,,
120113,,,3,3,2,,,,
120114,,,5,2,1,1,1,2,1
120115,,,1,1,,,,1,1
120116,,,,,,1,,2,
120221,,,,,2,,,,
120223,,4,1,,1,1,2,,
120225,,,,,,,,1,
130102,,,,,,,,1,
130104,,,,,,,1,,
130105,,,,1,1,,,,
130108,,,,1,,,,,
130121,,,,,,4,1,,
130123,,,,,1,1,2,,
130124,,,,,3,,,,
130125,,,3,1,1,,1,,1
130126,,,1,3,1,,,1,1
130128,1,1,2,,2,,,,1
130129,,,,,1,,,,
130130,,,,,1,3,1,,
130131,,,,3,1,1,,1,2
130132,,,,,1,,1,1,1
130133,,,,1,1,1,1,,
130181,,,1,1,1,1,,,1
130182,,,,1,2,1,2,1,2
130183,,,1,,1,2,,,1
130184,,1,1,,2,1,1,1,
130185,,,,,2,,2,,
130203,,,,,,,,,1
130205,,,,,1,4,,,
130207,,,,,2,1,,,
130208,,,,,1,5,,,
130223,,,,,4,1,,,
130224,,,,,3,2,1,,
130225,,,,,1,3,,,
130227,,,,,,2,,1,
130229,,,,,,1,,,
130230,,,,,,,1,,
130281,,,,3,,2,2,1,1
130283,,,,1,1,2,,,
130302,,,,,1,,,,
130321,,,,,1,1,,1,
130322,,,,,2,2,,,
130323,,,,,4,7,1,,
130324,,,,,1,1,,,
130404,,,,1,,,,,
130406,,,,,1,,,,1
130421,,,2,,,,1,,
130423,,,1,1,1,,2,,1
130424,,1,2,,1,,,,
130425,,2,,,1,,,,1
130428,,1,1,,2,,,,
130429,,,3,2,2,,1,1,
130430,,,1,,,,,,
130431,,,,1,,1,,,
130432,,1,,,,,1,,
130433,,4,1,,,1,,,1
130434,,,3,,,,,1,1
130435,,1,2,,,,,1,
130481,,,,1,1,,,,1
130502,,,,,,,,1,
130521,,,,2,2,,,,
130522,,,,1,,1,1,,
130523,,,1,2,1,,,2,
130524,,,1,1,1,,,,
130525,,,2,,,1,,,
130526,,,,2,2,,2,,
130527,,,,,2,1,,2,
130528,,,2,3,1,2,1,,1
130529,,,1,,1,,,,
130530,,,,1,,,1,,
130531,,1,,,,,,,
130532,,,,,,1,,1,
130533,,1,,,2,,2,2,1
130534,,1,2,,,,,1,1
130535,,2,1,1,,1,,,
130581,,1,,,,1,,1,1
130582,,,,,1,1,1,,
130602,,,,,1,1,,,
130603,,,,1,1,,,,
130604,,1,,,2,1,,,1
130621,,,,,2,2,,,1
130622,,2,1,2,4,4,4,1,1
130623,,,,2,,,1,,
130624,,,,1,,,,,
130625,,,2,2,3,1,,4,2
130626,,,,3,,1,1,,1
130627,,,,1,3,1,2,1,
130628,,1,1,2,,,,1,
130629,,,1,1,,,,,1
130630,,,,,,,1,,1
130631,,,1,,,1,1,,1
130632,,,1,3,,2,1,,2
130633,,,,1,2,,,,
130634,1,,7,,1,1,,2,1
130635,,,3,,,,,,2
130636,,,,1,1,1,1,,1
130637,,,,,1,2,2,,1
130638,,3,4,1,2,,1,1,2
130681,,,2,2,,1,,,1
130682,,2,14,4,13,6,2,1,4
130683,,,5,2,1,1,2,2,1
130684,,,3,5,2,,1,,1
130702,,,,,,,,,1
130703,,,,1,,,,1,
130705,,,,,,,2,1,
130706,,,,,,1,,,
130721,,,,1,,1,1,,1
130722,,,,,4,,,,
130723,,,2,,,1,,1,
130724,,1,,,,1,2,,
130725,,,,1,,,,,
130726,,,,,,,4,5,1
130727,,,,,,,1,2,2
130728,,,,,,,3,,
130729,,,,1,2,1,,,
130730,,,,1,1,,2,,
130731,,,,,1,,2,2,
130733,,,,,,1,1,,
130802,,,,,,1,,,
130804,,,,,,1,,,
130821,,,,,,1,1,1,1
130822,,,,,,,,1,
130823,,,,1,,2,,,
130824,,,,,,,1,,1
130825,,,,,,,,1,
130826,,,,,,,,,2
130828,,,2,,,,,,1
130902,,,,,,,,,1
130903,,,1,,,,,,
130921,2,3,4,4,1,3,,,1
130922,2,,1,2,,,1,,1
130923,,2,,3,,1,1,,
130924,,1,,2,,,,,1
130925,,3,3,,1,2,,2,
130926,,,1,,,,1,,
130927,1,1,1,,1,,,,
130928,,,1,,,,1,,
130929,,1,,,1,1,1,,
130930,,2,2,,,,,,
130981,2,4,2,2,,,,,
130982,,8,2,,2,,,,
130983,2,2,2,1,,,1,2,
130984,,3,,1,3,1,,,1
131002,,,1,,,,1,,1
131003,,,,1,,,,,
131022,,,3,1,,1,,,
131023,,2,3,,2,1,1,1,
131024,,,,2,,,,,1
131025,1,5,1,,1,1,,2,
131026,,1,3,2,2,2,2,,1
131081,,6,5,,1,2,1,2,1
131082,,,1,2,,,1,1,
131099,,,3,1,,,,,
131102,,1,3,,,,,1,
131121,,,1,1,3,,,1,
131122,,3,1,,,,2,,1
131123,,1,1,1,,,1,,
131124,,,3,1,,1,,,
131125,,1,,2,,,,1,
131126,1,2,3,1,1,2,1,,
131127,,1,2,2,1,1,1,,
131128,,,3,,,,,,
131181,,,,,1,1,2,2,
131182,,3,3,1,1,3,1,1,1
140106,,,,,,,,1,
140107,,,,,,,,,1
140108,,,,,,,1,1,
140109,,,,,,,1,,
140110,,,,,,1,1,1,
140121,,,,,,,1,,
140123,,,,,,,1,,
140181,,,,,,,2,1,
140202,,,,,,,1,,
140203,,,,,,,1,,
140211,,,,,,,1,2,1
140212,,,,,,,1,1,
140221,,,,,,1,,,2
140222,,,,,,2,,,1
140223,,,,,,,,2,1
140224,,,,,,,,3,
140225,,,,,,,2,,
140302,,,,,1,,1,1,
140303,,,,,1,,,,
140311,,,,,1,1,1,,1
140321,,,,,,,2,,1
140322,,,,,,,,,2
140402,,,,1,,,,,
140421,,,,,2,,,,
140423,,,,,3,1,,,
140424,,,2,,1,1,,,
140427,,,,,1,,,,
140428,,,,1,,,,,
140430,,,,,,,4,1,
140481,,,,,,1,,,
140521,,,,,,,,,1
140522,,,,,,,1,,
140524,,,,,1,,1,,
140525,,,,2,,,,,
140581,,,,1,,2,1,,
140602,,,,,,,,3,3
140603,,,,,,,,2,4
140621,,,,,,,,,2
140622,,,,,,,2,3,1
140624,,,,,,,1,,3
140702,,,,,,,,1,2
140722,,,,,,,1,,
140724,,,,,,1,,,
140725,,,,,1,2,,1,
140728,,,,,,,,1,2
140729,,,,,,,1,1,1
140781,,,,,,,2,1,
140802,,,,,,1,1,2,1
140821,,,,,1,1,1,,1
140822,,,1,2,,2,1,1,1
140823,,,,1,1,1,2,,
140824,,,,,5,2,,2,1
140825,,,,,1,,,,1
140826,,,,,1,,2,,
140827,,,,,,,1,,1
140828,,,,,3,3,1,,
140830,,,,,,,1,,
140881,,,,,,,3,1,
140882,,,,1,2,,1,,
140902,,,,,,,3,2,
140921,,,,,,,,1,
140922,,,,,,,1,,
140923,,,,,,,,1,
140924,,,,,,,1,3,
140925,,,,,,,,1,
140928,1,,,,,,,,1
140981,,,,,,1,2,1,
141002,,,,,,7,9,3,4
141021,,,,,,,2,,
141022,,,,,,,,2,
141023,,,,,,6,3,1,3
141024,,,,,,3,12,8,2
141025,,,,,,,,2,1
141026,,,,,,,,1,
141027,,,,,,,2,,2
141029,,,,,,3,1,2,
141030,,,,,,,1,,
141031,,,,,,,,1,1
141033,,,,,,,2,,
141034,,,,,,,1,1,2
141081,,,,,1,,,,
141082,,,,,,,2,2,
141102,,,,,,,,,4
141121,,,,,,,1,,
141123,,,,,,,,,1
141124,,,,,,,,,1
141125,,,,,,,,,3
141127,,,,,,,,,2
141128,,,,,,,,1,1
141129,,,,,,,,,1
141130,,,,,,,,1,
141181,,,,,,,,,1
141182,,,,,,,,,1
149999,,,,,1,,,1,
150102,,,,,,,1,,
150103,,,,,,,1,,
150105,,,,,,,,1,
150121,,,,,,1,1,,2
150122,,,,,,1,,,
150123,,,,,,,1,,
150124,,,,,,,1,1,
150125,,,,,,,,1,
150202,,,,,,1,1,1,
150203,,,,,1,,,1,
150204,,1,,,,,,2,1
150207,,,,,,1,,,
150221,,,,,,1,,,3
150222,,,,,,,1,,
150426,,,1,,,,,,
150429,,,,,,,,2,1
150430,,,1,,,,,,
150602,,,,,,,,,1
150621,,,,,,,1,,
150622,,,,,,,,,1
150722,,,1,,,,,,
150821,,,,,,,1,,
150823,,,,,,,2,,
150921,,,,,,,,,2
150922,,,,1,1,,,,1
150923,,,,,1,,,,
150924,,,,1,,,,,1
150925,,,,,1,,,1,
150926,,,,,,1,,2,
150927,,,,,,,,1,
150928,,,,,,,1,,
152224,,,1,,,,,,
152527,,,1,,1,,,,
159999,,,1,,,,,,
210181,,,,,,,,,1
210381,,,,,,,,2,
211081,,,,,,,1,,1
211103,,,,,,,,1,
211122,,,,,,,,,1
211324,,,,,,,,3,1
211382,,,,,,,1,,
220582,,,1,,,,,,
230702,,1,,,,,,,
231223,,,,,,,,,1
231225,,,,,,,,1,
239999,,1,,,,,,,
310104,,,,,,,1,,
310106,,,1,,,,,,
310112,,,,,,,,1,
310114,,,,,,,,1,1
310115,,1,,,1,,3,1,
310116,1,4,1,,1,2,,,
310117,,,,,,,1,,
310118,,,1,,,,,,
310119,,1,1,,,,,,
310120,,1,3,1,,,,,
310230,,,,,,1,2,1,
320111,,3,,1,,,,1,
320112,,,1,,,,,,
320113,,,1,,,,,,
320115,1,,2,,,2,,1,
320116,1,,,,1,1,1,1,
320124,1,1,,,,,,,
320125,2,,,,,,,,
320202,,,,,,1,,,
320204,1,,,,,,,,
320205,,,,,,,,,1
320206,1,,,1,,1,2,1,1
320211,1,1,,,,,2,,
320281,2,,4,2,,,,1,1
320282,2,3,,1,1,1,2,,
320299,,,,,1,,,,
320302,1,,,,,,,,1
320303,,,,,1,,,,
320304,1,,,,,,,,
320305,1,,1,1,,,,,
320311,,,,,,,,1,
320312,,,,,,,1,,1
320321,,,4,1,1,1,1,3,
320322,4,1,4,1,,1,,,1
320323,5,2,4,4,1,2,,,
320324,4,3,4,3,2,1,5,1,4
320381,2,3,2,3,4,2,1,2,1
320382,3,4,6,2,4,6,2,,1
320402,1,,1,,,,,,
320404,,,,,1,,,,
320411,,,1,3,1,,2,1,
320412,2,3,1,,1,,2,,1
320481,1,3,1,,1,2,,,
320482,5,1,2,1,,1,,,1
320502,,,1,,,,,,
320505,1,,,,,,,,
320506,,,,1,,,2,,
320507,,,,,1,1,,,
320581,1,,,,,,,1,
320582,1,1,2,,,,2,1,
320584,1,,2,,,1,1,1,
320585,1,,,,,,2,1,
320602,,1,2,,,,,,
320611,,,,,,,1,,
320612,,,,,,1,5,3,
320621,1,1,1,2,1,,1,,
320623,,1,2,1,,1,1,,1
320681,2,,,1,,1,,1,
320682,4,3,5,1,3,,3,2,
320683,4,1,,6,5,,,,
320684,2,,1,4,1,1,1,,
320705,,,,,,2,1,,
320706,,,,1,,,,1,1
320721,1,1,2,1,1,2,4,3,1
320722,3,,4,1,3,1,4,1,1
320723,4,2,1,,2,3,3,1,2
320724,1,1,1,1,3,2,2,1,
320802,,,,1,,,,,
320803,1,1,4,,1,1,3,2,4
320804,4,2,3,1,1,3,1,1,
320811,,,,,1,1,1,,
320826,5,10,4,3,,3,3,3,3
320829,,,2,1,1,,,,
320830,2,1,2,,,,1,,
320831,,,,1,,1,,,
320902,,,,1,,,,,
320903,2,1,,1,,1,,,1
320921,,,4,1,1,,,,
320922,,1,2,1,,,5,2,1
320923,,1,,,1,1,2,1,
320924,3,,1,2,3,2,,,
320925,,,,,,1,,1,
320981,3,2,2,2,1,1,,2,
320982,3,2,,,,1,,2,
321003,,1,,,,,,,
321023,1,1,,,,1,,,
321081,1,,1,,,,,,1
321084,,,,,,,1,,
321088,1,1,,1,1,,1,2,
321102,,,,1,,,,,
321111,,,1,,,,,1,
321112,1,,1,,1,,,,
321113,,1,,,1,,,,
321181,3,3,1,2,1,2,2,,
321182,,2,,,,,,,
321183,1,4,4,2,1,1,,,
321202,1,,,3,,2,,,
321203,1,1,,1,,2,,,
321281,,2,3,2,2,,,,
321282,1,1,1,,1,1,1,2,
321283,3,3,4,3,1,1,1,3,2
321284,1,,2,2,,2,2,,1
321302,3,1,,1,,1,,1,1
321311,1,3,2,2,1,,2,1,
321322,8,11,5,1,1,4,5,7,2
321323,2,5,,3,,3,,1,
321324,6,5,2,1,1,1,2,,1
330106,,,1,,,,,,
330109,1,,1,1,,1,,,1
330110,2,1,,1,1,,,,
330122,2,,,,,,,,
330182,,,1,1,,3,2,,
330183,1,,1,,1,,,,
330185,2,,2,,,,,1,
330203,,1,,,,,,,
330205,,1,1,,,,,,
330206,1,,,,,,,,
330211,,2,,,,,,,
330212,1,,,,,,,,
330226,1,,2,,,,,,
330281,,1,2,3,1,,,1,
330282,5,,,3,1,,,,1
330302,1,1,1,1,,,,,
330303,,,1,,,,,,
330304,,1,1,1,2,,1,1,
330305,,,,,,,,1,
330324,,3,2,,2,,1,,
330326,3,,,1,2,1,,,
330327,2,,,,,,1,,
330328,,,1,,,,,,
330381,2,1,1,2,2,,,,
330382,2,,1,3,1,,2,1,
330402,,,,,,1,,,
330411,,,,,2,1,,,
330421,,1,,,,,,,
330424,,,,,,,,1,
330481,,4,1,1,,,,,
330482,,,3,1,,,1,,
330483,,,,,,2,,,
330502,1,,2,,1,,1,,
330503,,,,3,,,1,,
330521,,1,,,,,,,
330522,2,1,1,5,3,1,1,1,1
330523,2,1,,,,1,,,
330621,,,1,,,,,,
330624,1,1,1,,,,,1,
330681,1,2,3,2,,,,,
330682,,,3,,,1,,,
330683,2,6,1,,1,1,,,
330702,,,1,1,,,2,,
330703,,,1,,1,1,,,
330723,,,2,1,,,,,
330726,1,,1,1,1,,,,
330727,,1,,,,,,,
330781,,2,,,,,2,,1
330782,1,2,,,1,,1,1,3
330783,,3,3,1,,2,,,
330784,1,,,,1,,,2,
330802,,1,,,1,,,,
330803,,2,1,,1,,,,
330822,,,2,,,,,,
330825,,3,,,,1,1,,
330881,,,3,,,,,1,
331002,,1,,,,1,,1,
331003,2,1,2,1,2,2,,,
331004,1,,1,,,,,,
331022,2,1,1,,1,,,,
331023,6,1,,,,,,,
331024,4,3,1,1,,2,,,
331081,1,,,,,,,,
331082,7,6,,,,1,,,
331102,,1,,1,,,,,
331121,,,1,1,1,,,,
331122,,,,,1,,,,1
331123,,,1,,,,,,
331124,,1,1,,,,,,
331127,,,,,,1,,1,
331181,,,,1,,1,,,
339999,,,,,,,1,,
340104,2,,,,,,,,
340121,1,3,,,,1,1,,
340122,2,2,,,,1,1,,
340123,2,1,1,1,,,1,1,
340181,,,,,,,1,,1
340202,1,,,,,1,,,
340207,,1,,,,,,,
340208,,1,,,,,,,
340221,2,1,,,,,,,
340222,,4,,,,,,,
340223,,1,,1,,,1,,
340225,,,,,,,,1,
340299,1,,,,,,,,
340311,,,,,,,1,,
340321,4,,2,2,1,1,3,,
340322,,,2,3,2,,,,
340323,1,,1,,,,,1,1
340402,,,,1,,,,1,
340403,1,1,,,,,,,
340404,,,,,1,,,,
340405,1,1,,,,1,,,1
340406,,,1,2,2,1,1,1,
340421,,,,,,2,1,1,
340502,,,,,1,,,,
340503,1,,,,,,,,
340504,1,,,,,,,,
340521,,1,,,,,,1,
340523,,,,,,,1,2,
340602,,1,2,,,,,,
340603,1,,,,,,,,
340604,,1,,,,,,1,
340621,,2,2,,3,,,,
340702,,,,1,,,,,
340703,1,,,,,,,,
340711,,1,,,,,,,
340721,,1,,,,,,,
340811,,1,,,,1,,,
340822,1,3,2,,,1,,,1
340823,3,1,1,,2,,,1,1
340824,,5,2,,1,,1,2,
340825,1,2,3,1,1,1,4,,
340826,,4,2,1,2,,,,1
340827,,4,,,,,3,,
340881,3,,,,1,,2,,
341002,,,,,,,,1,
341004,1,,,,,,,,
341021,,,1,,,,,,
341024,,1,,,,,,,
341103,,,,,,1,1,1,1
341122,1,,1,1,2,,,1,
341125,3,,2,1,1,2,,,
341126,1,,1,,2,1,,,
341181,2,,2,,,,,1,
341182,,,1,,,1,,,
341202,2,1,1,3,1,,1,,
341203,,2,2,1,1,,,,1
341204,,3,1,,,1,,,
341221,3,11,6,4,6,4,3,1,2
341222,4,2,3,1,2,1,2,2,2
341225,4,5,1,,,,1,,
341226,4,3,4,3,4,2,3,2,1
341282,1,,,1,1,1,,3,2
341302,,3,2,,2,2,1,,
341321,1,1,3,1,,,,1,
341322,3,2,1,,,1,2,,1
341323,,4,,1,2,,,2,3
341324,2,5,4,1,,5,,1,1
341402,1,3,2,,,,,,
341421,2,,1,,3,,,,
341422,5,,1,,,2,,,
341423,1,1,,,1,,,,
341424,1,1,,1,,2,,,
341502,1,2,,,,,,,
341503,,1,,,,,1,,
341521,1,2,1,1,1,,1,,1
341522,2,4,,1,1,1,,1,1
341523,,,,,,,1,,
341524,1,,,,,,,,1
341525,2,,,1,2,,,,
341602,1,3,2,,,2,2,3,
341621,1,,2,1,,,,2,
341622,2,3,5,,4,7,2,,1
341623,2,2,3,,2,1,2,,2
341702,2,,,,,,,,1
341721,2,2,,1,,,,1,1
341723,,1,,,,,,,
341802,1,1,4,,,,1,,
341821,,,,,,,,,2
341822,4,1,1,,,,2,2,1
341823,,1,,1,,,,,
341824,,,,1,,,,,
341881,,3,1,,,,,,
349999,,,1,,,,,1,
350102,,,,,,,,,1
350182,,,,,,1,,,
350403,,,,1,,,,,
350421,,1,,,,,,,
350423,2,,1,1,,,,,
350424,4,3,,1,,1,,,
350425,,,1,,,,,,
350426,,,,,,,,,1
350428,1,2,,,,,,,
350429,,2,,,,,,,
350430,1,2,1,,,,,,
350481,,2,,,,,,,
350502,,,1,,,,,,
350503,,,,1,,,,,
350504,1,1,,2,,,,,
350507,,,,,,3,,,
350521,,,,,,1,1,,
350524,3,5,11,,1,,,,
350525,,,3,1,,,,,
350581,,1,,,,,,,
350582,4,1,1,1,1,2,,,
350583,6,13,3,3,3,,,,
350721,,,,,,,1,,
350723,,,1,2,1,,,,
350781,,,3,,1,,,,
350784,,,,,1,,,,
350802,,,3,,,,,,
350821,3,3,5,,3,,,,
350823,,4,,,,,,,
350824,1,,1,1,,,,,
350825,1,2,2,,,,,2,
350902,,,,1,,,,,
350922,,1,,,,,,,
350924,,,2,,,,,,
350925,,,1,,,,,,
350981,,1,3,,,1,,,
351028,,,,,,,,1,
360102,,,,,1,,,2,
360103,1,,,1,,,,,
360104,,,2,,,1,,,
360111,,,1,1,,,,,
360121,1,2,2,,1,,1,,
360122,,2,1,3,,2,,,
360124,2,,1,2,1,,1,1,
360281,1,,2,,1,,1,,
360302,,,,,,1,1,,1
360313,2,1,1,,3,1,1,,
360321,3,1,2,2,,1,,1,1
360322,2,4,1,2,1,,2,,
360323,1,,,,1,2,,,1
360421,,,,1,,,,,
360423,,,,1,,,,,
360424,2,,2,1,1,1,,,1
360425,2,,,,,,,,
360427,,,,,1,,,,1
360428,7,1,,2,,1,3,,
360429,,,,,,,1,,
360430,,1,,,,,,,
360481,2,2,1,,2,1,,,
360502,1,,,,1,,,,
360521,,1,,1,2,,,,
360602,,,1,,,,,,
360622,1,1,,,,,1,,
360681,1,1,1,1,,1,,,
360702,1,1,,3,1,2,1,1,
360721,1,2,4,2,1,,,,
360722,3,5,3,2,,1,1,,
360723,,,2,1,1,,,,
360724,1,,1,,,,,1,
360726,,,,3,2,,,,
360727,,2,,,1,,2,,
360728,1,,,,,,,,
360730,1,,1,1,1,1,1,1,
360731,2,4,,4,4,3,2,3,
360732,2,2,4,,,2,2,,
360733,,1,,2,1,1,,,1
360734,4,,,,,,,1,
360735,1,1,,,1,,,,
360781,4,3,3,1,2,,1,3,3
360782,5,2,,2,1,1,1,,2
360802,,,1,,,,1,,
360803,1,,,3,,,1,,
360821,,,,,1,1,,,
360822,,2,,,1,,,,1
360823,1,1,1,,,,,,
360824,2,,1,,,,1,,
360825,6,2,3,,,,,,
360826,3,2,3,4,2,2,2,1,
360827,,,1,,,,,,1
360828,3,2,1,2,,,,,
360829,1,4,2,2,2,1,1,1,2
360830,2,1,2,4,1,3,1,1,
360881,,1,,,,,,1,
360902,2,3,3,1,3,,5,2,1
360921,,,,1,,,,,
360922,1,3,2,5,2,7,4,,
360923,2,,,,,,,,
360925,,,,,,1,,,
360981,4,5,3,2,2,,,,1
360982,,1,,,1,2,,,
360983,3,2,1,,1,3,,,
361002,3,,1,,,,1,1,
361021,1,,,,,,,,
361022,2,,,,,,,,
361023,,1,,,1,,,,
361024,,,,,,,1,,
361025,,2,,,1,,,,
361027,,,,,1,,,,
361029,2,1,,,,,,,
361030,,,1,,,,,,
361102,1,,,,,,,,
361121,2,5,6,4,1,,1,,
361122,1,5,2,,1,,,,
361123,2,5,,,2,,1,,
361124,2,1,1,3,,,,,
361125,1,1,,,,,,,
361126,2,,2,1,,,,,
361127,1,,,1,,2,1,1,
361128,1,1,2,,4,3,,1,
361129,,1,,,,,,,
361130,,,3,2,1,,,,
361181,3,,,,,,,,
370102,,,1,,,,,,
370104,,,,,1,,1,,
370105,,1,,1,,,,,1
370112,,,2,,1,,1,,2
370113,,,,,2,,,,
370124,,,,,,,,1,
370125,,4,3,,,3,2,1,
370126,,,3,1,,1,,,1
370181,,,1,,,,1,,
370199,,,1,,,,,,
370212,,,,,,,1,,
370213,,,,,,1,,,
370281,,,,,,,,1,1
370282,,,,,,,2,2,2
370283,,,,,,2,6,4,1
370284,,,,,,1,3,1,
370285,,,,1,2,,1,1,4
370303,,,,,1,,,,
370305,,1,,,,,,,
370321,,,,,,,,1,
370322,,,,,,1,,,
370323,,,1,5,,,,1,
370402,1,1,1,5,1,,1,,1
370403,1,,1,1,,,,,
370404,,1,,,1,,,1,1
370405,,1,,1,,,,,1
370406,3,1,1,1,1,,,,
370481,2,2,6,1,3,6,1,1,
370502,,,,1,,,,,
370521,,,,,,1,,,2
370522,,,,,3,,1,,
370523,,,,1,2,,,,
370602,,,,,2,2,1,1,
370611,,,,1,1,1,,,
370612,,,1,1,2,2,1,,
370613,,,,3,,1,,,
370614,,,,,,1,,,
370682,,,,1,3,,4,3,2
370683,,,,,,,,,1
370684,,,,1,1,,,,
370685,,,,,,,1,1,
370686,,,,2,1,1,2,,
370687,,,1,,3,,3,1,
370703,,,,,1,,,,
370704,,,,,,4,1,,
370724,,,,1,,,,1,
370725,,,,2,1,,,,
370781,1,,,2,1,1,1,1,1
370783,,,1,2,1,1,,1,
370784,,,,,,1,1,1,1
370785,,,,,,,3,1,
370786,,,,,,1,1,,
370802,,,,1,,,,,
370811,,5,2,1,,,,,1
370826,1,2,2,,2,,2,,
370827,,2,1,1,,1,,,
370828,1,,2,2,,,,,1
370829,,1,,1,,,,,
370830,,3,1,1,3,,,,
370831,,3,2,1,1,,,1,
370832,,1,1,,,1,,,1
370881,,5,,3,1,,,,
370882,,4,,1,1,,,,
370883,2,10,3,6,2,1,,,
370911,,,,2,2,1,6,1,
370921,,1,1,,3,,2,1,
370923,,,,,,,3,,
370982,,4,9,1,2,4,2,2,1
370983,,,1,,,,,1,
371002,,,,1,,,1,,
371081,,,,,,,,1,
371082,,,,,,2,,,
371083,,,,1,3,,3,1,1
371102,2,,,1,,,2,1,2
371103,1,1,1,,1,,,,1
371121,1,,2,1,1,2,,,
371122,,6,3,3,6,2,1,1,1
371202,,,1,,3,,,,
371203,,,2,1,,,,,
371302,1,,,,,,1,,
371312,,1,2,1,1,,,,
371321,,1,3,,,,,,
371322,6,6,2,3,1,1,,1,1
371323,,1,3,2,1,1,,,2
371324,9,7,8,7,,,3,3,
371325,5,6,,,1,1,1,1,
371326,3,4,6,3,1,,1,1,1
371327,2,3,2,5,2,1,1,1,3
371328,,,2,2,1,2,1,,1
371329,1,2,3,2,2,1,1,1,
371402,1,1,1,,,,,1,
371421,,2,2,,,,2,,1
371422,,2,,1,1,1,,2,1
371423,,3,1,,1,,,,
371424,,1,4,3,3,2,2,,
371425,,,2,,1,,1,,1
371426,,2,1,1,,1,1,,
371427,1,,,,1,,,1,
371428,,1,1,,,,1,,
371481,,2,4,1,,,1,2,1
371482,,3,2,1,,,1,1,
371502,,3,1,,,,1,1,
371521,1,3,,,1,1,,1,2
371522,,6,1,1,,,1,,
371523,,2,,1,,,,,
371524,,,1,,,,,1,
371525,1,2,1,2,,,,,
371526,,3,1,1,,,,,
371581,,1,1,1,,,,1,
371602,,,,,,1,1,1,
371621,,,5,2,1,5,,,1
371622,,1,3,2,3,,1,,
371623,,,4,1,2,1,1,,
371624,,,4,1,,1,,1,2
371626,,,,,1,,,,
371702,2,,1,1,,,2,4,2
371721,2,1,1,1,,2,1,2,3
371722,4,2,2,1,,,,,
371723,1,,,,,1,,,1
371724,3,1,2,,1,2,,1,
371725,,1,,,,2,1,,
371726,,,1,1,,,,1,
371727,,,,,,,2,,1
371728,3,,,,,1,,2,
371799,,,1,,,,,,
379999,,1,,1,,,,,
410102,,,,,,1,,,
410103,,,,,,,,,1
410104,,,,,,1,,,
410105,,1,,,,,,,
410109,,,,,,,,,1
410122,,1,3,1,4,,2,1,
410181,,,,,,,1,,
410182,,2,4,3,1,,,1,
410183,,1,1,1,1,1,1,,2
410184,,,1,1,3,,,,1
410185,,,,2,3,1,1,,
410186,,1,,,,,,,
410189,,,,,,1,,,
410202,,,,,,,,,1
410203,,,,,1,,,1,
410204,1,,1,,,,,,
410221,2,1,,,,1,,3,
410222,,1,,,1,5,,1,3
410223,,2,2,,1,2,1,1,1
410224,1,,2,2,,1,3,2,1
410225,4,1,2,1,1,,,2,1
410302,,,,,,1,,,
410322,,,1,,,1,,,
410323,,,2,1,,1,,,
410324,,,,,,1,,,
410325,,,,3,2,1,2,2,
410326,,,2,,1,,1,,
410327,,,1,,,,,,
410328,,,,2,,,,1,
410329,,,2,2,1,1,1,,
410381,,,,,,,1,,
410402,,,1,2,1,,,,
410403,,,,,,,1,,
410411,,,1,,,,,,
410421,,,1,1,5,2,2,2,1
410422,1,2,5,2,,1,1,2,2
410423,1,,,3,1,1,,1,
410425,,1,,3,3,3,,,
410481,,,,1,,,,,
410482,,2,2,,,1,2,,
410502,,,1,1,,1,,,
410503,,,1,,,2,,,
410506,,,,1,1,,1,,
410522,,,4,1,,1,2,2,2
410523,,,3,1,,1,1,,1
410526,,1,1,,3,,3,2,1
410527,,2,1,2,1,1,,1,2
410581,,,1,1,,1,2,1,
410602,,,,1,,,,,1
410603,,,1,1,,,,,
410621,,,3,1,3,,,,1
410704,,,,,,,1,,
410711,,1,,,,,,,
410724,,,1,,2,,,,
410725,2,3,1,,1,,2,2,
410726,,,,,,,1,,
410727,,1,5,1,2,,,,
410728,,,,,,,,1,
410781,,,4,,1,,2,,2
410782,,,3,,2,1,1,1,1
410804,,,,1,,,,,
410811,,,,,1,1,,,
410822,,,,1,1,,,,
410823,,,,2,2,2,,1,4
410825,,,,,,1,2,1,1
410882,,,,,1,,,,
410883,,,,,1,,1,,
410902,,,1,1,,,,,
410903,,,,1,,,,2,
410922,,1,2,1,1,,1,2,1
410923,,1,1,,1,,1,,
410926,2,,1,,1,2,1,,1
410927,,,1,1,,2,,,
410928,,1,1,1,2,1,2,2,
411002,,1,1,,,,,,
411023,1,4,5,,,1,2,1,1
411024,1,4,5,2,1,,,,
411025,,2,1,1,3,,1,2,1
411081,,3,3,1,3,,1,3,3
411082,1,,1,1,,1,,1,
411102,,,3,,,,,,
411103,1,3,5,,,1,,,
411104,3,1,,1,,,,,
411121,2,,3,3,,1,,,
411122,,,2,,2,3,1,,
411221,,,,1,,,,2,
411222,,,,,,1,,,
411282,,,,,,,,,1
411302,2,1,1,,1,1,,,1
411303,4,4,,1,,3,1,1,2
411321,2,1,,,,2,,1,
411322,,1,6,4,,2,2,,1
411323,,,,2,,,,1,2
411324,3,4,2,1,,1,2,1,4
411325,2,1,1,1,1,2,,,2
411326,,4,2,3,1,,2,1,3
411327,1,1,2,1,1,1,1,,
411328,9,3,6,2,2,1,,2,1
411329,4,2,1,1,1,,,,2
411330,,3,2,,,1,1,,
411381,8,8,4,1,1,1,3,,3
411399,1,,,,,,,,
411402,1,,1,,1,,,1,
411403,1,4,1,1,1,,1,1,
411421,3,,2,1,1,1,1,1,1
411422,1,3,1,2,1,,1,1,1
411423,1,,,3,,,,,1
411424,2,2,2,,2,1,2,1,
411425,,2,2,,1,,1,,
411426,5,2,6,4,1,3,,2,1
411481,3,2,,1,2,1,2,2,1
411499,,,,1,,,,,
411502,1,,1,1,,,1,,
411503,2,3,1,2,1,,,,
411521,,3,1,1,,2,,1,1
411522,1,5,,1,1,,,1,
411523,,,,,,,1,,
411524,1,4,1,,,,1,1,1
411525,2,3,2,1,3,1,1,2,2
411526,1,1,4,1,1,,2,1,
411527,2,,2,,,1,1,,1
411528,4,4,1,1,,,,1,
411599,,,,,1,,,,
411602,,2,,,,1,1,,
411621,,1,,2,,2,2,,
411622,4,2,5,,,1,3,1,1
411623,8,3,1,,1,2,,,1
411624,2,2,5,1,,,4,2,
411625,4,2,,1,1,,1,2,1
411626,3,1,1,,1,1,1,,2
411627,5,3,2,2,3,,2,7,
411628,1,1,2,,1,1,1,1,1
411681,,2,2,1,3,,2,,2
411702,,2,,,1,,,,
411721,,5,2,2,,,,,
411722,1,1,4,2,,,1,,
411723,2,3,1,,2,2,,,
411724,3,4,4,1,,,1,,
411725,2,1,1,,2,,2,,
411726,8,3,2,2,1,,1,1,
411727,,,2,,,,,,2
411728,3,1,1,2,,,,,1
411729,2,2,5,,,,1,1,
411801,,,,,1,,,,
419001,,,,,,,,1,
419999,1,1,,,,1,,,
420102,1,1,,,,,,1,
420103,,,1,,,,,,
420104,1,2,1,,,,,,
420105,,,1,,1,,,,
420106,1,,,,2,,,,
420107,,2,,,,,2,,
420111,1,1,2,1,1,,,,1
420112,,1,,,,,2,,
420114,2,1,,,2,1,1,1,1
420115,2,2,,1,1,1,2,,
420116,3,1,3,,1,,3,,2
420117,8,2,2,3,,2,1,,
420202,,2,2,,,,,,
420203,,,,,,,,,1
420204,1,2,,,1,,1,,
420222,13,9,3,2,2,,,1,
420281,7,11,4,2,1,3,1,1,1
420302,,,,,,,,1,
420321,,,1,1,5,1,2,,
420322,,,,,,,,,1
420323,,4,4,,4,1,,,
420324,,,1,,1,2,1,1,1
420325,,4,4,,3,,,,
420381,,1,,1,1,1,1,,
420502,,1,,,,,,,
420503,1,2,1,,1,,,,
420504,2,1,1,,,1,,1,
420506,2,2,,,1,,1,,1
420525,,3,,,1,,,,
420526,,,1,,,,,,
420527,,1,,,,1,1,,
420528,,3,2,,,1,1,1,
420529,2,4,,,,,,1,1
420581,1,,4,1,2,,1,1,
420582,10,3,1,,4,,1,2,
420583,2,4,2,1,1,1,1,4,2
420602,1,2,1,,,1,,1,
420606,1,,,,,,3,,1
420607,3,2,3,2,3,6,2,1,1
420624,2,,2,2,3,1,5,4,2
420625,,4,,1,1,3,,,1
420626,2,1,3,1,,,,,
420682,,7,2,1,1,,,,
420683,4,2,,,1,1,3,1,1
420684,3,3,,2,2,1,3,1,
420702,1,1,,,,,1,,
420703,2,1,1,,,,1,,
420704,1,2,2,1,1,,,,
420802,2,1,2,2,,3,,1,
420804,,,,,,,1,,
420821,3,1,1,,1,3,1,,
420822,4,,,3,2,2,2,,2
420881,7,6,3,4,3,2,2,,1
420902,,2,,,,1,1,,
420921,2,,1,,,,,1,
420922,2,,,,,,,1,
420923,,2,,,1,1,1,1,
420981,2,,5,,,1,,2,1
420984,1,1,5,2,1,2,,,3
421002,,2,1,,2,,1,,2
421003,5,,4,2,1,,,,2
421022,4,5,3,3,1,3,1,1,
421023,6,,3,2,2,2,3,,
421024,1,2,1,,1,,,2,
421081,3,1,1,2,,1,1,,
421083,1,2,4,,,1,,1,
421087,4,5,2,1,1,2,1,,1
421102,3,1,,,,,,,
421121,,4,1,,1,,,1,
421122,2,1,1,3,1,,1,,
421123,3,3,,2,1,,1,,
421124,,1,1,,,3,,2,
421125,5,4,3,1,1,1,1,1,
421126,5,9,7,1,,,,1,
421127,,11,7,3,4,,2,,
421181,7,4,2,4,4,1,2,1,1
421182,,11,1,2,,,,,
421202,4,4,1,1,,1,1,1,
421221,3,1,,1,,,,1,
421222,4,3,2,,,1,,1,
421223,3,,1,,,,,,1
421224,1,1,1,1,,,1,,
421281,1,2,2,,,,,,
421302,2,4,6,3,3,,,,
421303,,,,,,,1,1,1
421321,,,,,,,1,2,
421381,,,4,2,3,,,,
422801,,,1,8,5,4,4,1,
422802,,8,3,4,,1,2,,
422822,,,,,10,1,2,2,3
422823,,,,,3,4,,,1
422825,,,,,4,5,2,,
422826,,,,,3,1,,,
422827,,,,1,6,2,,1,
422828,,1,2,,,2,,,
429004,4,8,2,2,4,1,2,1,
429005,6,4,4,1,,1,3,,
429006,4,10,4,6,2,2,4,4,1
429021,,,2,,1,,,,
429999,,,,,,,1,,
430102,,,,,,,1,,
430103,,1,,,,,,,
430104,,,,,,1,1,,
430105,1,,,,1,,1,,
430111,,,,,,,,1,1
430121,,1,2,4,3,3,2,3,2
430122,2,3,1,3,1,1,1,,
430124,4,8,2,6,6,6,5,4,1
430181,2,1,6,3,1,3,3,2,2
430202,1,,,,,,,,
430203,,,,,,,,,1
430204,,,1,,,,,,
430211,,,,1,,,,,
430221,4,2,4,1,1,,1,,1
430223,3,5,3,,,1,3,1,1
430224,9,10,7,11,8,2,5,2,3
430225,,1,2,,,,,,
430281,2,7,1,2,2,,,1,
430302,1,,,,,,1,,
430304,4,,,,,,,,1
430321,5,8,9,1,3,1,,2,
430381,11,4,3,5,3,1,1,3,
430382,,2,,,,,,,
430399,,1,,,,,,,
430405,1,1,,,,,,,
430406,2,,,1,,,,,
430412,,,1,1,1,,,,
430421,3,6,4,2,,1,,,
430422,6,9,3,,,1,1,,
430423,6,6,3,2,2,,,,1
430424,2,4,7,1,1,1,1,,3
430426,4,3,3,,3,1,1,,
430481,4,8,4,1,1,,,1,
430482,3,4,3,1,5,1,2,,
430502,,,1,1,4,,,1,1
430503,,2,2,1,3,1,1,,
430511,1,,,,,,,,
430521,6,7,2,1,3,1,,,1
430522,5,8,2,2,7,5,6,5,2
430523,7,10,13,10,17,7,6,3,4
430524,2,2,7,4,4,4,8,4,3
430525,5,6,5,2,2,3,3,,2
430527,2,1,1,1,,,,,
430528,3,3,3,8,5,2,2,,2
430529,2,1,1,,,1,,,
430581,7,2,4,3,3,1,3,1,
430602,2,2,3,,,,,,
430603,,,1,,,,,,1
430611,3,2,1,2,,,,,
430621,3,6,,,1,,1,1,
430623,7,2,3,1,,2,,1,
430624,3,4,3,2,,1,1,1,
430626,5,3,4,3,3,2,2,1,
430681,4,2,4,1,1,,1,1,
430682,2,,2,2,,,,1,
430684,,,,,,,,1,
430702,,,,1,,,,1,
430703,9,1,4,2,5,1,,2,1
430721,2,5,5,,1,1,,,1
430722,5,3,3,,1,3,3,2,
430723,2,6,3,,1,,6,,1
430724,2,1,1,2,2,,1,,
430725,9,7,2,2,4,2,2,6,2
430726,1,2,3,3,3,,,,1
430781,1,,,,,1,1,,
430782,,1,,,,,,,
430783,,,,2,,,2,,
430784,,,,,1,,,,
430802,20,11,1,4,,,,2,
430811,2,2,,,1,,,,
430821,9,7,1,1,1,,1,2,1
430822,3,24,1,3,3,1,3,,
430902,1,4,1,2,,1,,1,1
430903,3,4,3,1,,1,1,1,
430921,1,3,5,1,2,,,2,6
430922,2,2,3,2,2,1,1,2,3
430923,10,8,4,8,2,4,4,5,1
430981,3,1,2,6,1,4,2,5,
430982,,,3,5,,1,1,,1
430999,,1,,,,,,,
431002,1,,2,1,3,1,1,1,
431003,2,3,1,,,,,,
431021,8,9,5,3,3,2,4,3,2
431022,12,9,11,2,1,,3,,
431023,5,,,1,1,2,2,1,
431024,6,3,6,3,1,5,3,,
431025,4,4,4,,3,2,1,1,1
431026,2,1,2,3,,,,,
431027,2,1,,,,,2,,
431028,3,3,3,,1,2,1,,
431081,3,4,1,,4,,,,
431099,1,1,,,,,,,
431102,4,7,11,6,7,6,2,5,
431103,3,2,1,,1,1,,3,
431121,4,7,2,,1,1,,1,
431122,8,6,9,8,10,3,7,1,1
431123,,3,1,3,,3,,,1
431124,6,8,4,4,4,6,6,6,1
431125,1,4,1,,2,,,,4
431126,3,5,5,1,2,,,3,2
431127,2,2,1,1,2,,1,,
431128,,10,3,2,1,2,,1,
431129,4,9,4,2,5,1,1,1,1
431199,,1,,,,,,,
431202,,2,,1,,2,,,
431221,,3,7,1,1,,1,,
431222,,2,2,3,1,5,,2,
431223,1,5,2,1,,,1,,
431224,7,6,4,10,2,4,4,2,5
431225,3,2,4,3,2,,1,,2
431226,,4,1,,,,,,
431227,4,,,,,2,,1,
431228,3,6,4,,3,1,1,,
431229,2,3,1,1,,,1,,
431230,1,2,,1,,,,,
431231,,,1,,,,,,
431281,2,4,3,,,1,2,,1
431302,3,3,2,1,,1,,,
431321,3,2,2,1,3,,1,1,2
431322,17,15,10,10,5,2,7,5,4
431381,,1,3,1,1,2,1,1,1
431382,7,3,12,7,,3,3,1,3
433101,,1,3,,,1,,,
433122,,1,5,,,2,,,
433123,,7,3,2,,4,5,1,
433124,4,8,2,1,,2,3,1,
433125,3,6,1,2,,4,2,,
433126,,,1,1,,,,,
433127,,2,4,1,3,1,,2,
433130,1,2,7,6,2,3,3,2,
439999,1,,,,,,,,
440103,,,,,,,,,1
440105,,,,,,,,1,
440106,,,,1,,,,,
440111,1,,,,,,,,
440112,,,2,,,,1,,
440113,1,,,,,,,,
440114,,1,,1,,,,,
440116,1,1,3,,,,,,
440183,5,10,9,2,2,,,,1
440184,1,,1,2,,1,,1,2
440203,1,,5,5,1,1,,,2
440204,2,3,3,3,,1,,1,
440205,,1,1,1,,,,,
440222,1,,,1,,,,,
440224,3,,1,2,1,4,,,
440229,7,5,2,5,4,4,1,2,
440232,1,4,2,5,5,2,,1,
440233,1,1,2,,1,2,2,2,2
440281,5,4,4,5,4,1,,,
440282,,1,2,,,,,,
440305,1,1,2,,,,,1,1
440306,1,9,7,5,1,3,1,3,2
440307,4,2,3,,3,1,3,1,
440310,,,,,,,1,1,
440402,,,,,2,1,,,
440403,,,,,1,,,,
440507,,,1,,,,,,
440513,1,,1,1,,,,,
440514,,1,2,2,1,,,,
440604,,,,,,,1,,
440605,2,3,,1,2,2,,1,1
440606,,,,,,1,1,1,
440607,,4,1,,,,,,
440703,,,1,,,,,,
440705,1,,,,,,,1,
440781,,,2,8,7,7,4,4,4
440783,1,,,1,2,3,7,,1
440785,,1,2,5,4,5,9,,
440804,,1,,,,,,,
440823,2,1,3,2,,,,,
440825,2,4,,,2,,,,
440881,17,19,7,7,5,9,3,1,5
440882,1,8,2,2,2,2,2,1,1
440883,4,7,4,1,,2,2,,
440902,4,12,7,4,8,7,3,,1
440903,4,7,7,6,7,7,5,2,1
440923,4,22,12,13,17,16,6,8,6
440981,4,16,12,12,9,9,6,8,
440982,7,16,14,12,10,13,9,9,3
440983,4,5,8,11,5,9,8,5,2
440999,,,,,1,,,,
441203,,,,3,,3,,1,1
441223,,3,5,6,12,6,2,2,1
441224,4,1,3,6,5,2,5,2,8
441225,7,2,8,4,3,5,3,2,2
441226,2,,,2,1,,2,,
441283,3,4,1,1,,5,2,,
441284,,1,12,7,1,2,3,,
441302,6,6,5,2,5,6,2,3,
441303,1,2,3,,2,1,2,,
441322,14,12,5,8,11,5,3,3,4
441323,2,6,2,,3,5,4,1,
441324,3,4,1,3,4,6,2,3,3
441421,4,3,,1,1,,,,
441422,,1,,,1,,,,6
441423,,2,2,1,3,,,1,
441424,15,13,5,11,7,6,6,3,9
441426,3,1,3,,1,1,1,1,
441427,,,,,1,2,,1,1
441481,1,1,3,,3,4,2,1,2
441502,,1,,,,,,,
441521,5,1,,,,,1,,
441523,1,1,,,,,,,1
441581,16,12,9,4,7,1,,,3
441602,2,,4,,4,6,7,7,4
441621,4,6,5,3,2,3,2,6,4
441622,6,1,4,6,1,5,1,2,4
441623,2,1,2,,2,8,2,3,2
441624,5,4,2,2,,,1,1,2
441625,7,5,4,5,4,5,2,6,1
441702,4,,1,,1,3,3,,
441721,4,7,10,1,4,,5,1,3
441723,3,5,4,1,1,7,3,,
441781,21,3,3,11,10,17,3,,
441802,,,10,11,12,8,3,,1
441821,,2,,3,2,,,,
441823,4,13,12,16,20,15,14,10,10
441825,1,,,,1,1,1,2,
441826,6,2,2,1,4,3,1,1,3
441827,,5,8,16,8,3,8,2,
441881,6,13,5,16,23,16,12,15,12
441882,3,8,14,1,4,3,4,5,4
441901,18,31,8,10,6,4,5,6,2
442001,3,,3,,,,1,1,
445121,,,,,1,,,,
445202,,,1,,1,,,,
445222,3,1,2,1,3,,1,,
445224,,1,9,4,,,,,
445281,1,9,3,7,3,1,,,
445302,,1,,,2,2,,1,
445321,1,1,3,2,2,,1,,
445322,2,3,1,7,5,6,5,4,6
445323,7,8,3,3,7,2,1,4,3
445381,10,8,10,8,19,10,2,2,2
449999,,,,1,,,,,
450102,,,,1,,,,,
450103,,2,1,2,,,,,
450105,1,,2,2,5,1,,,
450107,,,1,2,,,,,1
450108,2,2,2,,,1,,,
450109,4,3,2,1,1,1,1,4,1
450122,7,3,5,4,3,2,,1,1
450123,,,6,3,,,,,
450124,9,4,1,2,4,3,2,2,2
450125,16,9,3,7,1,1,6,1,1
450126,16,4,7,6,5,1,2,,1
450127,19,6,3,4,5,,1,2,1
450202,,,,,,,,,1
450203,,1,1,1,,,,,
450204,,4,,,,,,,
450205,2,4,1,1,2,1,,1,
450206,,,,,1,2,1,1,
450221,5,17,7,3,5,3,4,2,3
450222,4,10,5,4,7,5,6,2,
450223,5,9,5,2,,6,1,2,
450224,,8,5,3,2,,5,4,2
450225,14,8,3,3,3,1,5,2,
450226,,6,1,,2,,1,,
450299,,,,,1,,,,
450302,,,,,1,,,,
450303,,,1,,2,,,1,
450305,,,,1,,,,,
450311,5,1,,1,,,,,
450321,3,2,3,2,1,1,,,
450322,7,5,1,6,4,2,1,,1
450323,3,4,6,7,4,4,3,1,1
450324,13,20,20,16,14,14,12,12,9
450325,3,1,4,3,4,2,2,2,
450326,9,2,6,1,1,3,1,1,1
450327,1,1,5,3,3,3,2,2,2
450328,1,,,1,2,,1,,1
450329,,1,2,,3,1,,,
450330,7,3,6,3,4,,3,4,3
450331,1,,,,1,6,3,2,
450332,3,4,1,1,2,4,1,4,1
450403,,,,2,,,1,,
450404,,3,2,,1,1,,,
450405,,,1,,,,,,
450421,6,5,11,6,7,5,2,10,6
450422,6,4,7,9,12,9,6,3,9
450423,1,1,2,2,,2,3,1,
450481,5,1,2,2,5,5,6,6,9
450502,,,,,,,,,1
450503,,,1,,1,,,,
450512,,1,,4,,,,,
450521,10,12,16,5,3,7,2,5,3
450602,1,1,,,,,,,
450603,1,4,3,2,3,,,,1
450621,2,4,6,1,4,2,4,2,1
450681,1,1,,,,,,,
450702,5,15,9,7,8,9,6,5,4
450703,7,7,8,6,3,16,8,8,7
450721,8,12,15,11,3,9,7,6,8
450722,3,13,6,5,5,1,1,1,5
450802,,3,12,7,5,6,6,5,1
450803,7,10,8,10,6,3,3,2,2
450804,13,15,11,8,2,2,1,,
450821,13,11,11,8,13,7,13,10,8
450881,14,30,22,8,17,13,15,16,9
450902,3,2,4,3,1,2,5,1,1
450903,9,5,1,3,3,4,4,1,1
450921,8,15,13,9,3,8,11,3,1
450922,5,6,8,4,7,7,2,6,3
450923,7,18,16,5,5,5,6,4,
450924,5,7,1,4,5,2,5,2,
450981,22,11,11,11,4,8,3,5,3
451002,,4,7,2,2,2,,,
451021,1,3,2,2,3,,1,1,
451022,6,4,7,2,2,1,,,
451023,7,12,5,5,3,7,3,2,
451024,1,4,7,3,1,2,1,1,1
451025,5,4,5,2,3,3,4,3,1
451026,2,,2,,,3,1,,1
451027,,,,1,,,,,
451028,1,,1,,1,2,,,2
451029,,,4,6,3,4,1,2,
451030,,,3,9,1,1,,1,
451031,2,9,18,11,6,3,3,6,2
451102,8,13,4,5,6,9,12,5,2
451103,,,11,2,2,,8,,2
451121,,3,3,2,1,3,1,1,1
451122,10,6,4,2,3,2,5,3,2
451123,2,2,4,3,1,1,5,1,
451202,2,4,2,,,2,,1,
451221,2,3,3,1,2,3,2,1,
451222,,1,1,,2,1,2,2,
451223,,1,1,3,1,1,1,2,2
451224,3,2,3,4,3,4,2,1,3
451225,4,7,6,3,2,1,6,2,5
451226,6,3,3,1,1,5,1,4,1
451227,,1,1,,1,,,1,
451228,4,4,4,2,1,2,3,3,2
451229,3,6,3,4,3,8,3,1,3
451281,6,8,7,5,2,2,6,4,3
451302,32,15,12,17,15,10,8,8,8
451321,6,7,7,1,3,1,,,
451322,6,3,1,2,5,,2,2,
451323,19,10,9,15,8,4,5,10,3
451324,,,,1,,1,,1,
451381,3,4,3,,5,3,1,,
451402,3,2,5,2,3,,1,,
451421,2,,3,6,3,1,1,,
451422,3,4,3,7,6,7,9,4,1
451423,3,1,1,2,1,3,4,3,
451424,4,5,1,,,,,,
451425,2,2,2,1,,,1,,
451481,,1,1,,,1,1,1,
459999,1,,,,,,,,
460105,,,4,,,,,,
460106,1,,2,4,2,,,,
460107,,,4,3,1,2,,,
460108,,,1,7,1,,1,,
460202,,,,,1,16,4,10,5
469001,,,,,,,,,1
469002,,,3,10,3,4,5,,1
469003,1,1,11,8,2,3,2,,3
469005,,,,11,2,1,,2,4
469006,1,1,15,18,6,5,4,1,
469021,,,,7,1,,1,,1
469022,,,,8,1,2,3,2,
469023,,,,12,3,6,2,,
469024,,,,2,2,,,,
469025,,,5,,,2,2,2,2
469026,,3,2,,1,,,,
469027,,1,12,1,,,,,
469028,1,,2,14,14,14,7,6,4
469029,,,,,5,16,11,4,8
469030,,,1,1,1,,2,,
469031,,,3,,,,,,
469036,,1,,,,,,,
500101,,4,17,5,4,4,9,7,5
500102,,,14,7,6,6,5,4,1
500103,,1,,1,1,,,,
500105,,,,,,,,,1
500106,,,1,2,4,1,,,
500107,,,,,2,,2,,
500108,,,1,,1,,,,
500109,,,,4,,,,,
500110,,,,3,,1,1,1,
500111,,,,,,,,1,1
500112,,,1,3,2,3,1,,
500113,,,1,1,,,2,,1
500114,,1,3,2,8,2,4,,1
500115,,,5,2,3,1,1,1,1
500116,,,,6,6,2,6,1,1
500117,,,17,9,5,5,6,2,2
500118,,,3,5,9,4,1,1,1
500119,,,,6,3,1,3,1,
500199,1,,2,,,,2,,
500222,,,,2,,2,,,
500223,,,4,12,7,11,8,3,1
500224,,,,11,5,5,3,2,2
500225,,1,8,12,4,6,1,,
500226,,,6,5,1,,,4,
500227,,,,4,4,3,1,2,1
500228,,3,3,1,5,3,6,4,2
500229,,,1,,2,1,,1,
500230,,,9,16,10,3,1,1,1
500231,,,1,1,3,2,3,3,
500232,,,,,,,5,,
500233,,,4,15,1,1,1,2,
500234,1,,14,8,3,,2,1,1
500235,,2,16,5,2,3,1,,1
500236,,6,6,1,2,5,1,2,1
500237,,,5,6,5,3,,1,1
500238,,,7,3,3,2,,,
500240,1,,12,7,4,,5,,1
500241,,9,8,3,2,2,,,
500242,2,,6,3,2,,,,2
500243,,1,1,1,6,11,5,2,
500381,1,,,,,,,,
510104,,,1,,,,,,
510106,,,1,,,,,,
510108,,,1,,,,,,
510112,,3,4,,,,,,
510113,,4,1,,,,,,1
510114,,3,3,,1,,,,
510115,1,,2,,1,1,,,
510121,,4,2,,2,,,,
510122,,10,8,,1,,,,
510124,,,2,,,,,,
510129,1,1,1,,,,1,,
510131,,,7,,,,,1,
510132,,,5,,1,,,,
510181,,,6,,1,,,,
510182,,,4,,,,,,
510183,,,,,2,2,,,
510184,,,4,,2,,,,
510302,,,,,,,,,2
510303,,,1,,,1,,1,
510304,,2,2,2,1,1,1,,2
510311,,5,4,,1,1,,,
510321,12,4,2,,,1,1,4,2
510322,,2,4,2,1,2,1,2,2
510411,,,,,,1,,,
510502,,,1,1,1,,1,1,
510503,,1,2,,,1,,,
510521,,,4,1,3,,1,1,1
510522,,,1,1,,1,,,1
510524,,,,2,3,4,,,
510525,,,1,1,1,1,8,,1
510603,,,,3,2,2,,,
510623,,,3,5,,3,2,,
510626,,,,1,,4,,,
510681,,,1,,,,1,,
510682,,,1,,1,,,,
510683,,,,,,3,2,,
510699,,,1,,,,,,
510703,,,1,3,1,,,,
510704,,,,2,3,2,,,1
510707,,,,,,,,,1
510722,,,7,1,,,1,,1
510723,,,,,2,,,,
510724,,,,1,3,3,1,,
510725,,,,,1,1,1,4,1
510727,,,,,,,,1,
510781,,,,,2,,,,
510802,,,,,1,,,1,
510811,,,,,,,1,,
510821,,1,,,,,1,1,
510822,,,,1,,,,,
510823,,,,,,,,1,1
510824,,,,,1,,,,
510903,,,5,10,3,,1,1,
510904,,,11,7,4,5,1,2,1
510921,,,1,9,1,,4,1,
510922,,,,,1,2,2,,1
510923,,,12,3,,,,,
510999,,,,1,1,,,,
511002,,3,1,,2,,,,
511011,,1,6,4,,1,1,3,2
511024,1,3,3,1,1,,,,1
511025,2,11,8,3,1,1,1,2,3
511028,,,4,,1,1,3,1,3
511102,,1,1,1,1,,,2,
511111,,,1,,1,1,,,
511112,,,1,1,,,,1,
511113,,,,,,1,,,
511123,1,1,1,,1,,4,1,2
511124,3,1,1,,,,2,,2
511126,,1,3,2,1,,1,2,1
511133,,,,,,,,1,
511181,,1,2,,2,,1,,
511302,,,6,3,1,,2,2,1
511303,,1,4,5,1,,1,1,
511304,,,9,1,,,,,2
511321,,,8,6,1,1,2,1,
511322,1,4,5,,1,2,,1,4
511323,,7,6,2,,1,2,2,2
511324,,8,21,1,1,,,1,1
511325,,,5,4,1,1,2,3,
511381,,,1,4,2,3,4,2,
511402,,1,3,11,2,2,,,
511421,11,18,11,1,2,2,2,3,
511422,,,5,2,,1,,,
511423,,,3,3,1,,1,,
511424,,,1,4,1,,,,
511425,,,,,2,,,,
511502,,,1,,,,,,
511521,1,5,2,,,,,,
511522,,,,1,,1,,,
511523,,,2,1,1,1,,,
511524,,2,1,,,,,1,
511525,,1,,,,,,1,1
511526,,,1,,,,,,
511527,,,1,1,2,,1,,
511528,,,1,,,,,,1
511529,,2,,,,,,,
511602,,2,8,1,1,2,1,1,1
511621,,2,18,3,3,,,,
511622,,,16,6,1,,1,,1
511623,,5,6,2,1,,2,,
511681,,1,5,,1,1,,,
511702,,1,1,,1,,,,
511721,5,5,5,3,4,,,,1
511722,,12,4,,,,,,
511723,,5,5,2,1,,,,
511724,,,2,,,2,,,2
511725,6,6,3,2,,,1,,
511781,,,1,,,,,,1
511802,,,,,,1,,,
511821,,,1,3,1,3,,,
511822,1,,,,,,,,1
511823,,,,,1,4,1,,
511824,,,,,,1,,,
511902,,4,3,2,3,,,2,2
511921,,1,5,7,1,1,1,1,1
511922,,,,1,,,,1,
511923,1,9,13,2,1,,,3,1
512002,1,12,10,2,,,1,,1
512021,,3,11,5,2,4,,,3
512022,,2,4,4,,1,,1,2
512081,,7,4,,,,1,1,2
513401,,,,,,,,1,
513423,,,,,,,,,1
513425,,,,,,,,1,1
513427,1,,,,,,,1,
513428,,,,1,,,,,
513429,,,,,,,,,1
513433,,,,,,,1,,
513434,,,,3,,,1,,
513435,,,,,,,,1,
513437,,,,4,,,,1,
519999,,2,,,1,,,,
520102,,1,,1,,,,,
520103,1,,2,,1,1,,,
520111,3,8,3,3,3,2,3,,
520112,6,1,2,,2,,2,1,
520113,1,1,2,1,4,1,1,,
520114,,,,,,2,,,
520121,6,17,3,4,7,1,1,2,
520122,2,8,2,,,,,,
520123,3,3,6,2,1,2,1,,
520124,3,,,,1,,2,,
520181,2,4,4,1,6,3,,2,1
520199,1,,,,,,,,
520201,,1,2,3,1,2,1,1,
520203,4,14,11,11,5,5,7,5,2
520221,,2,9,3,4,4,5,2,1
520222,12,42,1,1,1,14,3,4,
520302,4,5,,,1,,,,
520303,6,9,,,1,,,,
520321,20,17,6,5,3,1,2,1,2
520322,,1,12,,1,1,,,
520323,2,14,3,2,1,3,,,
520324,,5,2,5,5,2,2,1,
520325,,,1,,,,,,
520326,,1,4,3,2,3,3,,1
520327,1,13,1,,2,2,3,,
520328,4,9,3,,,,1,1,
520329,,3,2,2,1,1,2,,1
520330,,,,3,2,1,,1,
520381,,,,1,,1,,,
520382,,6,,1,1,,,,
520402,16,16,16,6,10,9,10,2,2
520403,6,2,2,1,1,,,,
520421,4,3,3,2,2,3,,,
520422,21,17,7,6,6,6,5,,2
520423,20,17,7,10,8,4,3,5,3
520424,3,4,5,5,4,6,1,2,1
520425,4,5,6,5,6,4,11,4,1
520426,1,,2,,,,,1,
522201,,11,3,3,1,5,2,,
522222,1,1,3,1,,2,,,1
522223,6,2,1,2,,,2,3,2
522224,2,3,4,2,6,5,2,,
522225,2,8,15,10,8,9,4,,3
522226,2,1,5,1,3,2,,1,1
522227,,10,3,3,5,,2,1,
522228,,1,4,4,1,2,1,1,2
522229,2,15,23,8,4,5,4,1,1
522230,,1,,1,,,,,
522301,9,7,11,9,7,6,5,3,4
522322,57,32,7,3,7,5,14,7,6
522323,5,28,10,2,5,7,1,3,1
522324,6,4,8,4,3,6,2,1,
522325,21,8,2,2,10,5,2,3,3
522326,4,13,2,1,,,1,2,
522327,8,13,2,3,3,1,2,1,
522328,28,12,6,4,3,12,13,5,1
522401,,3,27,6,3,8,9,,1
522422,3,24,10,8,1,3,7,1,1
522423,19,12,9,8,7,5,,1,
522424,4,23,7,3,1,3,2,1,
522425,8,11,11,2,6,3,8,2,
522426,,9,9,,1,1,2,,
522427,,1,5,23,5,4,3,3,3
522428,,,5,13,3,3,1,1,
522499,,,1,,,,,,
522601,10,6,4,7,2,6,6,1,4
522602,,,,,,1,,,
522622,5,8,3,1,1,,3,1,3
522623,4,1,3,,,2,,,
522624,2,4,3,3,2,1,1,,2
522625,7,11,,,,1,,,
522626,7,8,,,,3,3,1,1
522627,6,7,7,4,4,,2,4,3
522628,,,4,2,1,,,5,1
522629,2,1,4,,1,1,2,1,
522630,2,1,,1,,,,,
522631,6,3,1,3,1,2,1,2,1
522632,3,3,7,4,,2,,,
522633,13,9,4,4,3,1,6,3,1
522634,3,3,3,1,3,3,1,1,1
522635,4,3,2,4,3,4,2,,
522636,4,1,1,1,4,,,,
522701,11,6,4,6,6,6,2,1,
522702,1,1,,1,1,2,,,1
522722,1,8,5,3,2,2,1,,
522723,3,6,6,1,,5,2,1,3
522725,5,8,2,1,5,1,2,3,2
522726,9,4,3,6,15,9,1,4,3
522727,3,1,4,1,2,3,1,1,3
522728,2,2,3,,1,3,1,3,1
522729,5,5,4,3,2,1,1,1,
522730,3,2,2,4,2,3,,,2
522731,14,11,10,3,9,3,10,3,2
522732,5,11,10,6,5,3,1,1,3
522799,1,1,,,,,,,
529999,,1,1,,2,,,,
530111,,,,,,,1,2,
530112,,,,,,,,1,
530113,,,,,,,1,,
530121,,,,,,1,1,,
530122,2,,,,,1,,1,
530125,,,,,,1,,2,1
530126,,,,2,2,4,2,,1
530127,,,,1,1,1,3,,
530128,,,,,,,,2,1
530129,,,,2,2,2,2,,
530302,,,1,3,,,4,,4
530321,,,,,,,1,1,1
530322,1,,,4,1,2,2,2,3
530323,,,,8,,5,,,
530324,,,10,16,,,6,2,1
530325,,20,1,,1,,,2,1
530326,,,1,1,,2,1,,
530328,,,,,,,,1,
530381,,,1,2,2,3,3,1,
530421,,,,,,1,,,1
530422,,,,,,2,1,,
530424,,,,,1,4,1,4,
530425,,,,,,,1,,
530427,,,,,,,,1,
530428,,,,,,4,,2,1
530502,,1,,,,,,,
530521,,,,,,,,,1
530522,,,2,,,1,,,
530524,,,,,,,,,3
530602,,,13,6,1,1,1,,1
530621,,,7,8,1,1,,,1
530622,,,,,3,2,,,
530623,,1,2,2,1,1,1,1,
530624,,,,3,1,1,,,
530625,,,2,,1,,,,
530626,,,1,,,,,,
530627,,,7,8,9,2,2,2,5
530628,,,1,8,1,2,1,,
530629,,,4,4,1,,,,
530630,,,1,,,1,,,
530724,1,,,,,,,,
530802,,,,,,2,,,
530821,,,,,,,1,,
530822,,,,,,3,3,6,2
530825,,,,,,,1,,1
530826,,,,,,1,1,,
530827,,,,,,,,1,2
530828,,,,,,1,3,6,4
530921,,,,,,,,2,2
530923,,,,,,,,,1
530924,,,,,,,,,1
530925,,,,,1,,,1,2
530926,,,,,,,,,1
530927,,1,,,,,,1,
532323,,5,,,,,,,
532326,,,,,,,1,,
532327,,,,,,,1,2,
532501,,,,,1,1,2,2,
532502,,,,,,3,4,,
532503,,,,,,,,4,2
532522,,,,,,3,3,,
532523,,,,,,4,1,2,1
532524,,,,,,2,2,2,1
532525,,,,,,,3,,1
532526,,,,7,11,6,4,1,3
532527,,,,12,2,4,3,2,1
532528,,,,,6,,1,,2
532529,,,,,3,9,3,4,
532530,,,,,1,8,1,,
532531,,,,,1,,1,,
532532,,,,,1,,,,
532601,,,,,,,,,3
532621,,,,,1,8,6,,
532622,,,1,,,15,7,1,4
532623,,,,,,1,,,1
532624,,,,,,1,4,,3
532625,,,,,,2,2,2,2
532626,,,1,,1,1,3,,1
532627,,,1,10,11,7,12,3,2
532628,2,3,6,,2,1,1,,1
532801,,,,1,2,5,4,8,1
532822,,,,,,,1,5,4
532823,,,,,,,3,1,
532923,,,,,,,,,1
533102,,,,,,,,1,
533103,1,,,,,,,,2
533122,,1,1,,,,,,
533123,3,5,2,,,,,,1
533124,1,,,,,,1,,
610111,,,,,,,,1,
610116,,,,,,,,3,4
610124,,,,,,,,3,2
610126,,,,,,,1,,
610303,,,,,,,,1,
610322,,,,,,,,,1
610323,,,,,,,,,2
610324,,,,,,,,1,1
610326,,,,,,,,,2
610402,,,,,,,,1,1
610422,,,,,,,3,2,
610423,,,,,,,1,2,2
610424,,,,,,,,1,2
610425,,,,,,,,1,1
610426,,,,,,,,,2
610430,,,,,,,,,2
610431,,,,,,,,1,1
610481,,,,,,,,,1
610502,,,,,,2,5,3,3
610521,,,,,,,2,1,1
610522,,,,,,,1,1,
610523,,,,,,,2,2,1
610524,,,,,,,5,1,
610525,,,,,,,2,1,
610526,,,,,,1,8,2,2
610527,,,,,,,1,,
610528,,,,,,,3,1,1
610581,,,,,,2,,1,
610582,,,,,,,1,,1
610602,,,,,,,1,,
610621,1,,,,,,,,
610623,,,,,,,,,1
610629,,,,,,,,1,
610702,,,,,2,2,1,5,2
610721,,,,,2,3,2,4,4
610722,,,,,7,4,2,1,1
610723,,,,,6,2,,,1
610724,,,,,7,2,1,,
610725,,,,,1,1,,1,3
610821,,1,,,,,,,
610902,1,,,,,1,,,
610927,,,,,,,,1,
610928,,,,,,1,,,
611002,,,,,1,,,1,2
611021,,,,,,,,1,
611022,,,,,,,,,1
611026,,1,,,,,,,
611101,,,,,,,,1,
619081,,,,,,,,,1
619999,1,,,,,,,,
620523,,,,,,,,,1
620525,,,,,,,,,1
620821,,,,,,,,,2
620825,,,,,1,,,,
621025,,,,,,,,,2
621026,,,,,,,,,3
632323,,,,,,,,,1
632626,,,,,,,,1,
640104,,,,,,,,,2
640105,,,,,,,1,,2
640121,,,,,,,1,,
640205,,,,,,,,1,
640221,,,,,,,,1,1
640302,,,,,,,,,1
640303,,,,,,,,,1
640402,,,,,,,,1,1
650203,,,,,,,1,,
654002,,,,1,,,,,
654201,1,,,,,,,,
654202,,,,,,,1,,
